Rk;Player;Nation;Pos;Squad;Age;Born;MP;Starts;Min;90s;Gls;Ast;G+A;G-PK;PK;PKatt;CrdY;CrdR;Gls_90;Ast_90;G+A_90;G-PK_90;G+A-PK_90;Matches
1;Zakaria Aboukhlal;ma MAR;MF;Torino;26-094;2000;15;6;511;5.7;0;0;0;0;0;0;4;0;0.00;0.00;0.00;0.00;0.00;Matches
2;Francesco Acerbi;it ITA;DF;Inter;38-102;1988;18;15;1,378;15.3;0;1;1;0;0;0;3;0;0.00;0.07;0.07;0.00;0.07;Matches
3;Che Adams;sct SCO;FW;Torino;29-314;1996;32;19;1,858;20.6;5;2;7;5;0;0;0;0;0.24;0.10;0.34;0.24;0.34;Matches
4;Jayden Addai;nl NED;MF;Como;20-270;2005;12;7;686;7.6;3;0;3;3;0;0;4;0;0.39;0.00;0.39;0.39;0.39;Matches
5;Vasilije Adžić;me MNE;MF;Juventus;20-011;2006;10;1;171;1.9;1;0;1;1;0;0;0;0;0.53;0.00;0.53;0.53;0.53;Matches
6;Michel Aebischer;ch SUI;MF;Pisa;29-137;1997;34;32;2,832;31.5;1;1;2;1;0;0;8;0;0.03;0.03;0.06;0.03;0.06;Matches
7;Honest Ahanor;it ITA;DF;Atalanta;18-089;2008;22;15;1,377;15.3;0;0;0;0;0;0;2;1;0.00;0.00;0.00;0.00;0.00;Matches
8;Junior Ajayi;ci CIV;FW;Hellas Verona;21-224;2004;1;0;1;0.0;0;0;0;0;0;0;0;0;0.00;0.00;0.00;0.00;0.00;Matches
9;Manuel Akanji;ch SUI;DF;Inter;30-308;1995;33;31;2,821;31.3;2;0;2;2;0;0;4;0;0.06;0.00;0.06;0.06;0.06;Matches
10;Ebenezer Akinsanmiro;ng NGA;MF;Pisa;21-179;2004;23;15;1,399;15.5;0;1;1;0;0;0;2;0;0.00;0.06;0.06;0.00;0.06;Matches
11;Jean-Daniel Akpa-Akpro;ci CIV;MF;Hellas Verona;33-224;1992;21;16;1,414;15.7;1;0;1;1;0;0;9;0;0.06;0.00;0.06;0.06;0.06;Matches
12;Al-Musrati;ly LBY;MF;Hellas Verona;30-047;1996;17;8;811;9.0;0;1;1;0;0;0;6;1;0.00;0.11;0.11;0.00;0.11;Matches
13;Agustín Albarracín;uy URU;FW;Cagliari;20-267;2005;2;0;33;0.4;0;0;0;0;0;0;0;0;0.00;0.00;0.00;0.00;0.00;Matches
14;Raúl Albiol;es ESP;DF;Pisa;40-261;1985;8;5;500;5.6;0;1;1;0;0;0;1;0;0.00;0.18;0.18;0.00;0.18;Matches
15;Pontus Almqvist;se SWE;MF;Parma;26-317;1999;12;4;438;4.9;0;0;0;0;0;0;0;0;0.00;0.00;0.00;0.00;0.00;Matches
16;Giuseppe Ambrosino;it ITA;FW;Napoli;22-255;2003;3;0;38;0.4;0;0;0;0;0;0;0;0;0.00;0.00;0.00;0.00;0.00;Matches
17;Amorim;br BRA;MF;Genoa;21-005;2005;10;5;484;5.4;0;0;0;0;0;0;1;0;0.00;0.00;0.00;0.00;0.00;Matches
18;Nícolas Andrade;br BRA;GK;Pisa;38-041;1988;6;6;540;6.0;0;0;0;0;0;0;0;0;0.00;0.00;0.00;0.00;0.00;Matches
19;Angeliño;es ESP;MF;Roma;29-139;1997;7;5;416;4.6;0;0;0;0;0;0;2;0;0.00;0.00;0.00;0.00;0.00;Matches
20;Samuele Angori;it ITA;MF;Pisa;22-228;2003;34;29;2,509;27.9;0;2;2;0;0;0;2;0;0.00;0.07;0.07;0.00;0.07;Matches
21;Faustino Anjorin;eng ENG;MF;Torino;24-181;2001;15;1;289;3.2;0;0;0;0;0;0;1;0;0.00;0.00;0.00;0.00;0.00;Matches
22;Antonio Arena;it ITA;FW;Roma;17-102;2009;2;0;23;0.3;0;0;0;0;0;0;0;0;0.00;0.00;0.00;0.00;0.00;Matches
23;Juan Arizala;co COL;MF;Udinese;20-225;2005;10;1;191;2.1;0;0;0;0;0;0;0;0;0.00;0.00;0.00;0.00;0.00;Matches
24;Kristjan Asllani;al ALB;MF;Torino;24-075;2002;15;13;1,129;12.5;0;0;0;0;0;1;3;0;0.00;0.00;0.00;0.00;0.00;Matches
25;Zachary Athekame;ch SUI;MF,DF;Milan;21-161;2004;26;7;803;8.9;2;2;4;2;0;0;3;0;0.22;0.22;0.45;0.22;0.45;Matches
Rk;Player;Nation;Pos;Squad;Age;Born;MP;Starts;Min;90s;Gls;Ast;G+A;G-PK;PK;PKatt;CrdY;CrdR;Gls;Ast;G+A;G-PK;G+A-PK;Matches
26;Arthur Atta;fr FRA;MF;Udinese;23-129;2003;31;28;2,467;27.4;5;3;8;5;0;0;3;0;0.18;0.11;0.29;0.18;0.29;Matches
27;Emil Audero;id IDN;GK;Cremonese;29-125;1997;33;33;2,970;33.0;0;0;0;0;0;0;0;0;0.00;0.00;0.00;0.00;0.00;Matches
28;Carlos Augusto;br BRA;MF,DF;Inter;27-136;1999;33;17;1,673;18.6;1;1;2;1;0;0;6;0;0.05;0.05;0.11;0.05;0.11;Matches
29;Yann Aurel Bisseck;de GER;DF;Inter;25-175;2000;22;20;1,832;20.4;3;1;4;3;0;0;2;0;0.15;0.05;0.20;0.15;0.20;Matches
30;Neil El Aynaoui;ma MAR;MF;Roma;24-325;2001;24;8;954;10.6;1;2;3;1;0;0;5;0;0.09;0.19;0.28;0.09;0.28;Matches
31;Leon Bailey;jm JAM;FW;Roma;28-287;1997;7;1;186;2.1;0;0;0;0;0;0;0;0;0.00;0.00;0.00;0.00;0.00;Matches
32;Mitchel Bakker;nl NED;DF,MF;Atalanta;25-337;2000;1;0;9;0.1;0;0;0;0;0;0;0;0;0.00;0.00;0.00;0.00;0.00;Matches
33;Darryl Bakola;fr FRA;MF;Sassuolo;18-174;2007;6;1;128;1.4;0;1;1;0;0;0;0;0;0.00;0.70;0.70;0.00;0.70;Matches
34;Luís Balbo;ve VEN;DF;Fiorentina;20-056;2006;6;1;212;2.4;0;0;0;0;0;0;0;0;0.00;0.00;0.00;0.00;0.00;Matches
35;Tommaso Baldanzi;it ITA;MF;Genoa;23-061;2003;8;5;399;4.4;0;2;2;0;0;0;0;0;0.00;0.45;0.45;0.00;0.45;Matches
36;Tommaso Baldanzi;it ITA;FW,MF;Roma;23-061;2003;10;3;386;4.3;1;0;1;1;0;0;2;0;0.23;0.00;0.23;0.23;0.23;Matches
37;Lameck Banda;zm ZAM;MF,FW;Lecce;25-114;2001;31;20;1,688;18.8;4;4;8;4;0;0;6;1;0.21;0.21;0.43;0.21;0.43;Matches
38;Tommaso Barbieri;it ITA;MF;Cremonese;23-270;2002;28;18;1,699;18.9;0;1;1;0;0;0;8;0;0.00;0.05;0.05;0.00;0.05;Matches
39;Nicolò Barella;it ITA;MF;Inter;29-105;1997;33;30;2,464;27.4;3;8;11;3;0;0;7;0;0.11;0.29;0.40;0.11;0.40;Matches
40;Davide Bartesaghi;it ITA;MF,DF;Milan;20-145;2005;30;26;2,351;26.1;2;0;2;2;0;0;3;0;0.08;0.00;0.08;0.08;0.08;Matches
41;Federico Baschirotto;it ITA;DF;Cremonese;29-245;1996;29;29;2,540;28.2;2;0;2;2;0;0;2;0;0.07;0.00;0.07;0.07;0.07;Matches
42;Toma Bašić;hr CRO;MF;Lazio;29-179;1996;22;22;1,645;18.3;2;3;5;2;0;0;0;1;0.11;0.16;0.27;0.11;0.27;Matches
43;Alessandro Bastoni;it ITA;DF;Inter;27-040;1999;28;28;2,239;24.9;1;4;5;1;0;0;6;0;0.04;0.16;0.20;0.04;0.20;Matches
44;Martin Baturina;hr CRO;MF,FW;Como;23-096;2003;28;16;1,487;16.5;6;3;9;6;0;0;0;0;0.36;0.18;0.54;0.36;0.54;Matches
45;Vakoun Bayo;ci CIV;FW;Udinese;29-133;1997;15;4;453;5.0;0;2;2;0;0;0;0;0;0.00;0.40;0.40;0.00;0.40;Matches
46;Tjaš Begić;si SVN;MF;Parma;22-327;2003;1;0;1;0.0;0;0;0;0;0;0;0;0;0.00;0.00;0.00;0.00;0.00;Matches
47;Reda Belahyane;ma MAR;MF;Lazio;21-356;2004;12;4;519;5.8;0;1;1;0;0;0;1;1;0.00;0.17;0.17;0.00;0.17;Matches
48;Rafik Belghali;dz ALG;MF;Hellas Verona;23-350;2002;25;21;1,835;20.4;2;0;2;2;0;0;6;0;0.10;0.00;0.10;0.10;0.10;Matches
49;Armel Bella Kotchap;de GER;DF;Hellas Verona;24-163;2001;18;14;1,314;14.6;0;0;0;0;0;0;3;0;0.00;0.00;0.00;0.00;0.00;Matches
50;Raoul Bellanova;it ITA;MF;Atalanta;26-006;2000;24;15;1,377;15.3;0;1;1;0;0;0;2;0;0.00;0.07;0.07;0.00;0.07;Matches
Rk;Player;Nation;Pos;Squad;Age;Born;MP;Starts;Min;90s;Gls;Ast;G+A;G-PK;PK;PKatt;CrdY;CrdR;Gls;Ast;G+A;G-PK;G+A-PK;Matches
51;Andrea Belotti;it ITA;FW;Cagliari;32-154;1993;8;3;221;2.5;2;0;2;1;1;1;0;0;0.81;0.00;0.81;0.41;0.41;Matches
52;Adrian Benedyczak;pl POL;FW;Parma;25-180;2000;14;5;490;5.4;1;1;2;0;1;1;1;0;0.18;0.18;0.37;0.00;0.18;Matches
53;Domenico Berardi;it ITA;FW;Sassuolo;31-295;1994;25;23;1,868;20.8;8;4;12;6;2;3;2;1;0.39;0.19;0.58;0.29;0.48;Matches
54;Medon Berisha;al ALB;MF;Lecce;22-214;2003;13;12;871;9.7;2;3;5;2;0;0;0;0;0.21;0.31;0.52;0.21;0.52;Matches
55;Adrian Bernabe;es ESP;MF;Parma;24-362;2001;32;31;2,470;27.4;3;1;4;3;0;0;0;0;0.11;0.04;0.15;0.11;0.15;Matches
56;Federico Bernardeschi;it ITA;MF,FW;Bologna;32-096;1994;28;11;1,130;12.6;3;2;5;2;1;1;3;0;0.24;0.16;0.40;0.16;0.32;Matches
57;Lorenzo Bernasconi;it ITA;MF;Atalanta;22-188;2003;23;17;1,572;17.5;0;3;3;0;0;0;3;0;0.00;0.17;0.17;0.00;0.17;Matches
58;Antoine Bernede;fr FRA;MF;Hellas Verona;26-362;1999;32;29;2,301;25.6;1;2;3;1;0;0;2;0;0.04;0.08;0.12;0.04;0.12;Matches
59;Nicolò Bertola;it ITA;DF,MF;Udinese;23-061;2003;27;18;1,731;19.2;0;1;1;0;0;0;3;0;0.00;0.05;0.05;0.00;0.05;Matches
60;Sam Beukema;nl NED;DF;Napoli;27-187;1998;24;18;1,681;18.7;2;0;2;2;0;0;2;0;0.11;0.00;0.11;0.11;0.11;Matches
61;Matteo Bianchetti;it ITA;DF;Cremonese;33-067;1993;26;24;2,102;23.4;0;2;2;0;0;0;3;0;0.00;0.09;0.09;0.00;0.09;Matches
62;Justin Bijlow;nl NED;GK;Genoa;28-121;1998;16;16;1,395;15.5;0;0;0;0;0;0;1;0;0.00;0.00;0.00;0.00;0.00;Matches
63;Cristiano Biraghi;it ITA;MF,DF;Torino;33-264;1992;14;5;517;5.7;0;0;0;0;0;0;0;0;0.00;0.00;0.00;0.00;0.00;Matches
64;Jeremie Boga;ci CIV;MF,FW;Juventus;29-140;1997;14;5;602;6.7;4;0;4;4;0;0;1;0;0.60;0.00;0.60;0.60;0.60;Matches
65;Daniel Boloca;ro ROU;MF;Sassuolo;27-152;1998;2;2;135;1.5;0;0;0;0;0;0;0;0;0.00;0.00;0.00;0.00;0.00;Matches
66;Federico Bonazzoli;it ITA;FW;Cremonese;29-002;1997;34;30;2,426;27.0;9;1;10;7;2;2;4;0;0.33;0.04;0.37;0.26;0.30;Matches
67;Warren Bondo;fr FRA;MF;Cremonese;22-250;2003;27;22;1,762;19.6;0;0;0;0;0;0;5;0;0.00;0.00;0.00;0.00;0.00;Matches
68;Giovanni Bonfanti;it ITA;DF,MF;Pisa;23-126;2003;9;6;494;5.5;0;0;0;0;0;0;1;0;0.00;0.00;0.00;0.00;0.00;Matches
69;Ange-Yoan Bonny;fr FRA;FW;Inter;22-210;2003;32;10;1,105;12.3;5;4;9;5;0;0;1;0;0.41;0.33;0.73;0.41;0.73;Matches
70;Gennaro Borrelli;it ITA;FW;Cagliari;26-074;2000;26;12;1,202;13.4;4;1;5;4;0;0;4;0;0.30;0.07;0.37;0.30;0.37;Matches
71;Kieron Bowie;sct SCO;FW;Hellas Verona;23-244;2002;13;13;1,110;12.3;4;0;4;4;0;0;1;0;0.32;0.00;0.32;0.32;0.32;Matches
72;Rosen Bozhinov;bg BUL;DF;Pisa;21-120;2005;8;7;520;5.8;0;0;0;0;0;0;3;1;0.00;0.00;0.00;0.00;0.00;Matches
73;Domagoj Bradarić;hr CRO;MF;Hellas Verona;26-164;1999;28;23;1,945;21.6;0;1;1;0;0;0;2;0;0.00;0.05;0.05;0.00;0.05;Matches
74;Riccardo Braschi;it ITA;FW;Fiorentina;19-272;2006;2;1;105;1.2;0;0;0;0;0;0;0;0;0.00;0.00;0.00;0.00;0.00;Matches
75;Iker Bravo;es ESP;FW;Udinese;21-130;2005;8;3;206;2.3;1;0;1;1;0;0;1;0;0.44;0.00;0.44;0.44;0.44;Matches
Rk;Player;Nation;Pos;Squad;Age;Born;MP;Starts;Min;90s;Gls;Ast;G+A;G-PK;PK;PKatt;CrdY;CrdR;Gls;Ast;G+A;G-PK;G+A-PK;Matches
76;Gleison Bremer;br BRA;DF;Juventus;29-066;1997;26;25;2,171;24.1;4;3;7;4;0;0;5;0;0.17;0.12;0.29;0.17;0.29;Matches
77;Marco Brescianini;it ITA;MF;Fiorentina;26-123;2000;17;10;862;9.6;1;1;2;1;0;0;1;0;0.10;0.10;0.21;0.10;0.21;Matches
78;Marco Brescianini;it ITA;MF;Atalanta;26-123;2000;9;0;182;2.0;1;0;1;1;0;0;1;0;0.49;0.00;0.49;0.49;0.49;Matches
79;Sascha Britschgi;ch SUI;MF,DF;Parma;19-269;2006;28;21;2,024;22.5;0;2;2;0;0;0;6;1;0.00;0.09;0.09;0.00;0.09;Matches
80;Louis Buffon;cz CZE;FW;Pisa;18-146;2007;4;0;32;0.4;0;0;0;0;0;0;0;0;0.00;0.00;0.00;0.00;0.00;Matches
81;Adam Buksa;pl POL;FW;Udinese;29-315;1996;24;6;890;9.9;3;0;3;3;0;0;2;0;0.30;0.00;0.30;0.30;0.30;Matches
82;Alessandro Buongiorno;it ITA;DF;Napoli;26-351;1999;33;28;2,521;28.0;0;1;1;0;0;0;3;0;0.00;0.04;0.04;0.00;0.04;Matches
83;Jean Butez;fr FRA;GK;Como;30-349;1995;37;37;3,330;37.0;0;1;1;0;0;0;3;0;0.00;0.03;0.03;0.00;0.03;Matches
84;Arturo Calabresi;it ITA;DF;Pisa;30-067;1996;25;16;1,438;16.0;0;0;0;0;0;0;8;0;0.00;0.00;0.00;0.00;0.00;Matches
85;Hakan Çalhanoğlu;tr TUR;MF;Inter;32-104;1994;22;20;1,639;18.2;9;4;13;5;4;5;7;0;0.49;0.22;0.71;0.27;0.49;Matches
86;Abdoulaye Camara;fr FRA;MF;Udinese;17-237;2008;1;0;12;0.1;0;0;0;0;0;0;0;0;0.00;0.00;0.00;0.00;0.00;Matches
87;Francesco Camarda;it ITA;FW;Lecce;18-074;2008;21;7;687;7.6;1;0;1;1;0;1;1;0;0.13;0.00;0.13;0.13;0.13;Matches
88;Nicolò Cambiaghi;it ITA;MF,FW;Bologna;25-146;2000;28;17;1,518;16.9;3;4;7;3;0;0;3;1;0.18;0.24;0.42;0.18;0.42;Matches
89;Andrea Cambiaso;it ITA;MF,DF;Juventus;26-092;2000;35;34;2,707;30.1;3;4;7;3;0;0;3;1;0.10;0.13;0.23;0.10;0.23;Matches
90;Matteo Cancellieri;it ITA;FW,MF;Lazio;24-100;2002;29;20;1,655;18.4;4;2;6;4;0;0;6;0;0.22;0.11;0.33;0.22;0.33;Matches
91;Fali Candé;gw GNB;DF;Sassuolo;28-119;1998;12;5;509;5.7;0;0;0;0;0;0;2;0;0.00;0.00;0.00;0.00;0.00;Matches
92;Simone Canestrelli;it ITA;DF;Pisa;25-254;2000;36;35;3,111;34.6;1;0;1;1;0;0;4;0;0.03;0.00;0.03;0.03;0.03;Matches
93;Elia Caprile;it ITA;GK;Cagliari;24-271;2001;37;37;3,330;37.0;0;0;0;0;0;0;2;0;0.00;0.00;0.00;0.00;0.00;Matches
94;Maxence Caqueret;fr FRA;MF;Como;26-097;2000;29;17;1,458;16.2;2;5;7;2;0;0;3;0;0.12;0.31;0.43;0.12;0.43;Matches
95;Antonio Caracciolo;it ITA;DF;Pisa;35-327;1990;35;34;3,073;34.1;2;0;2;2;0;0;10;0;0.06;0.00;0.06;0.06;0.06;Matches
96;Franco Carboni;it ITA;MF;Parma;23-049;2003;6;1;99;1.1;0;0;0;0;0;0;0;0;0.00;0.00;0.00;0.00;0.00;Matches
97;Valentin Carboni;ar ARG;MF;Genoa;21-079;2005;12;3;359;4.0;0;0;0;0;0;0;2;0;0.00;0.00;0.00;0.00;0.00;Matches
98;Diego Carlos;br BRA;DF;Como;33-069;1993;27;21;1,949;21.7;1;0;1;1;0;0;8;0;0.05;0.00;0.05;0.05;0.05;Matches
99;Marco Carnesecchi;it ITA;GK;Atalanta;25-326;2000;37;37;3,330;37.0;0;0;0;0;0;0;0;0;0.00;0.00;0.00;0.00;0.00;Matches
100;Cesare Casadei;it ITA;MF;Torino;23-133;2003;32;19;1,952;21.7;5;0;5;5;0;0;5;0;0.23;0.00;0.23;0.23;0.23;Matches
Rk;Player;Nation;Pos;Squad;Age;Born;MP;Starts;Min;90s;Gls;Ast;G+A;G-PK;PK;PKatt;CrdY;CrdR;Gls;Ast;G+A;G-PK;G+A-PK;Matches
101;Nicolò Casale;it ITA;DF;Bologna;28-098;1998;12;8;678;7.5;0;0;0;0;0;0;0;0;0.00;0.00;0.00;0.00;0.00;Matches
102;Valentín Castellanos;ar ARG;FW;Lazio;27-232;1998;11;8;692;7.7;2;3;5;2;0;0;2;0;0.26;0.39;0.65;0.26;0.65;Matches
103;Santiago Castro;ar ARG;FW;Bologna;21-247;2004;34;25;2,269;25.2;7;2;9;7;0;0;3;0;0.28;0.08;0.36;0.28;0.36;Matches
104;Danilo Cataldi;it ITA;MF;Lazio;31-290;1994;27;24;1,985;22.1;3;3;6;1;2;2;6;0;0.14;0.14;0.27;0.05;0.18;Matches
105;Nicolò Cavuoti;it ITA;MF;Cagliari;23-049;2003;4;0;44;0.5;0;0;0;0;0;0;0;0;0.00;0.00;0.00;0.00;0.00;Matches
106;Federico Ceccherini;it ITA;DF;Cremonese;34-012;1992;9;6;476;5.3;0;1;1;0;0;0;1;1;0.00;0.19;0.19;0.00;0.19;Matches
107;Zeki Çelik;tr TUR;MF,DF;Roma;29-095;1997;33;31;2,633;29.3;1;2;3;1;0;0;2;1;0.03;0.07;0.10;0.03;0.10;Matches
108;Fallou Cham;gm GAM;MF;Hellas Verona;20-098;2006;6;3;228;2.5;0;0;0;0;0;0;0;0;0.00;0.00;0.00;0.00;0.00;Matches
109;Walid Cheddira;ma MAR;FW;Sassuolo;28-121;1998;16;1;221;2.5;1;0;1;1;0;0;1;0;0.41;0.00;0.41;0.41;0.41;Matches
110;Walid Cheddira;ma MAR;FW;Lecce;28-121;1998;16;10;921;10.2;3;1;4;3;0;0;2;0;0.29;0.10;0.39;0.29;0.39;Matches
111;Oliver Christensen;dk DEN;GK;Fiorentina;27-062;1999;1;1;86;1.0;0;0;0;0;0;0;0;0;0.00;0.00;0.00;0.00;0.00;Matches
112;Samuel Chukwueze;ng NGA;FW,MF;Milan;27-001;1999;1;0;26;0.3;0;0;0;0;0;0;0;0;0.00;0.00;0.00;0.00;0.00;Matches
113;Alessandro Circati;au AUS;DF;Parma;22-225;2003;30;30;2,574;28.6;1;0;1;1;0;0;6;0;0.03;0.00;0.03;0.03;0.03;Matches
114;Saúl Coco;gq EQG;DF;Torino;27-103;1999;34;34;2,998;33.3;1;1;2;1;0;0;3;0;0.03;0.03;0.06;0.03;0.06;Matches
115;Michele Collocolo;it ITA;MF;Cremonese;26-196;1999;7;5;317;3.5;0;0;0;0;0;0;1;0;0.00;0.00;0.00;0.00;0.00;Matches
116;Lorenzo Colombo;it ITA;FW;Genoa;24-076;2002;37;29;2,236;24.8;7;1;8;6;1;2;2;0;0.28;0.04;0.32;0.24;0.28;Matches
117;Pietro Comuzzo;it ITA;DF;Fiorentina;21-092;2005;27;18;1,696;18.8;1;0;1;1;0;0;2;0;0.05;0.00;0.05;0.05;0.05;Matches
118;Francisco Conceição;pt POR;MF,FW;Juventus;23-160;2002;30;26;2,009;22.3;3;4;7;3;0;0;3;0;0.13;0.18;0.31;0.13;0.31;Matches
119;Francesco Coppola;it ITA;DF;Pisa;21-042;2005;7;5;458;5.1;0;0;0;0;0;0;3;0;0.00;0.00;0.00;0.00;0.00;Matches
120;Maxwel Cornet;ci CIV;MF;Genoa;29-238;1996;8;1;118;1.3;0;0;0;0;0;1;0;0;0.00;0.00;0.00;0.00;0.00;Matches
121;Edoardo Corvi;it ITA;GK;Parma;25-061;2001;16;16;1,440;16.0;0;0;0;0;0;0;1;0;0.00;0.00;0.00;0.00;0.00;Matches
122;Lassana Coulibaly;ml MLI;MF;Lecce;30-043;1996;32;30;2,599;28.9;3;1;4;3;0;0;4;0;0.10;0.03;0.14;0.10;0.14;Matches
123;Woyo Coulibaly;ml MLI;DF;Sassuolo;26-362;1999;19;8;964;10.7;0;0;0;0;0;0;2;0;0.00;0.00;0.00;0.00;0.00;Matches
124;Ben Cremaschi;us USA;MF;Parma;21-082;2005;8;2;132;1.5;0;0;0;0;0;0;0;0;0.00;0.00;0.00;0.00;0.00;Matches
125;Bryan Cristante;it ITA;MF;Roma;31-081;1995;36;35;3,004;33.4;2;1;3;2;0;0;6;0;0.06;0.03;0.09;0.06;0.09;Matches
Rk;Player;Nation;Pos;Squad;Age;Born;MP;Starts;Min;90s;Gls;Ast;G+A;G-PK;PK;PKatt;CrdY;CrdR;Gls;Ast;G+A;G-PK;G+A-PK;Matches
126;Juan Cuadrado;co COL;MF;Pisa;37-362;1988;18;2;486;5.4;1;0;1;0;1;1;3;0;0.19;0.00;0.19;0.00;0.00;Matches
127;Patrick Cutrone;it ITA;FW;Parma;28-140;1998;15;11;888;9.9;1;0;1;1;0;0;0;0;0.10;0.00;0.10;0.10;0.10;Matches
128;Lucas Da Cunha;fr FRA;MF;Como;24-348;2001;35;30;2,649;29.4;4;4;8;1;3;3;4;0;0.14;0.14;0.27;0.03;0.17;Matches
129;Thijs Dallinga;nl NED;FW;Bologna;25-293;2000;22;9;808;9.0;2;2;4;2;0;0;2;0;0.22;0.22;0.45;0.22;0.45;Matches
130;Matteo Darmian;it ITA;MF,DF;Inter;36-172;1989;6;2;248;2.8;0;0;0;0;0;0;0;0;0.00;0.00;0.00;0.00;0.00;Matches
131;Juan David Cabal;co COL;MF;Juventus;25-135;2001;12;2;296;3.3;2;0;2;2;0;0;1;0;0.61;0.00;0.61;0.61;0.61;Matches
132;Jonathan David;ca CAN;FW;Juventus;26-129;2000;34;20;1,752;19.5;6;4;10;6;0;1;0;0;0.31;0.21;0.51;0.31;0.51;Matches
133;Keinan Davis;eng ENG;FW;Udinese;28-099;1998;29;26;1,986;22.1;10;4;14;6;4;4;5;0;0.45;0.18;0.63;0.27;0.45;Matches
134;Kevin De Bruyne;be BEL;MF;Napoli;34-329;1991;17;13;1,084;12.0;5;1;6;2;3;3;1;0;0.42;0.08;0.50;0.17;0.25;Matches
135;Charles De Ketelaere;be BEL;MF,FW;Atalanta;25-074;2001;31;26;2,177;24.2;3;5;8;3;0;0;4;0;0.12;0.21;0.33;0.12;0.33;Matches
136;Manuel De Luca;it ITA;FW;Cremonese;27-310;1998;2;0;16;0.2;1;0;1;0;1;1;0;0;5.63;0.00;5.63;0.00;0.00;Matches
137;Lorenzo De Silvestri;it ITA;DF;Bologna;38-000;1988;11;5;426;4.7;0;0;0;0;0;0;2;0;0.00;0.00;0.00;0.00;0.00;Matches
138;Koni De Winter;be BEL;DF;Milan;23-345;2002;26;19;1,800;20.0;1;1;2;1;0;0;1;0;0.05;0.05;0.10;0.05;0.10;Matches
139;Alessandro Deiola;it ITA;MF,DF;Cagliari;30-295;1995;19;16;1,357;15.1;0;2;2;0;0;0;3;0;0.00;0.13;0.13;0.00;0.13;Matches
140;Fisayo Dele-Bashiru;ng NGA;MF;Lazio;25-106;2001;23;10;1,106;12.3;0;0;0;0;0;0;0;0;0.00;0.00;0.00;0.00;0.00;Matches
141;Enrico Delprato;it ITA;DF,MF;Parma;26-194;1999;35;34;2,951;32.8;2;0;2;2;0;0;5;0;0.06;0.00;0.06;0.06;0.06;Matches
142;Ali Dembélé;fr FRA;DF;Torino;22-138;2004;2;0;21;0.2;0;0;0;0;0;0;0;0;0.00;0.00;0.00;0.00;0.00;Matches
143;Daniel Denoon;ch SUI;DF;Pisa;22-115;2004;2;2;122;1.4;0;0;0;0;0;0;1;0;0.00;0.00;0.00;0.00;0.00;Matches
144;Raffaele Di Gennaro;it ITA;GK;Inter;32-232;1993;1;0;10;0.1;0;0;0;0;0;0;0;0;0.00;0.00;0.00;0.00;0.00;Matches
145;Michele Di Gregorio;it ITA;GK;Juventus;28-300;1997;30;29;2,655;29.5;0;0;0;0;0;0;1;0;0.00;0.00;0.00;0.00;0.00;Matches
146;Giovanni Di Lorenzo;it ITA;DF,MF;Napoli;32-292;1993;25;25;2,186;24.3;2;1;3;2;0;0;1;0;0.08;0.04;0.12;0.08;0.12;Matches
147;Alessandro Di Pardo;it ITA;DF,MF;Cagliari;26-309;1999;3;0;54;0.6;0;0;0;0;0;0;0;0;0.00;0.00;0.00;0.00;0.00;Matches
148;Boulaye Dia;sn SEN;FW,MF;Lazio;29-188;1996;26;14;1,223;13.6;1;2;3;1;0;0;1;0;0.07;0.15;0.22;0.07;0.22;Matches
149;Assane Diao;sn SEN;MF;Como;20-258;2005;16;12;993;11.0;2;1;3;2;0;0;2;0;0.18;0.09;0.27;0.18;0.27;Matches
150;Federico Dimarco;it ITA;MF;Inter;28-194;1997;34;29;2,645;29.4;6;16;22;6;0;0;3;0;0.20;0.54;0.75;0.20;0.75;Matches
Rk;Player;Nation;Pos;Squad;Age;Born;MP;Starts;Min;90s;Gls;Ast;G+A;G-PK;PK;PKatt;CrdY;CrdR;Gls;Ast;G+A;G-PK;G+A-PK;Matches
151;Andy Diouf;fr FRA;MF;Inter;23-006;2003;18;3;403;4.5;0;0;0;0;0;0;1;0;0.00;0.00;0.00;0.00;0.00;Matches
152;Berat Djimsiti;al ALB;DF;Atalanta;33-093;1993;34;29;2,525;28.1;0;0;0;0;0;0;4;0;0.00;0.00;0.00;0.00;0.00;Matches
153;Dodô;br BRA;DF,MF;Fiorentina;27-187;1998;36;36;3,134;34.8;1;2;3;1;0;0;7;0;0.03;0.06;0.09;0.03;0.09;Matches
154;Josh Doig;sct SCO;DF;Sassuolo;24-005;2002;30;22;1,917;21.3;0;0;0;0;0;0;5;0;0.00;0.00;0.00;0.00;0.00;Matches
155;Benjamín Domínguez;ar ARG;MF;Bologna;22-246;2003;15;6;547;6.1;0;3;3;0;0;0;1;0;0.00;0.49;0.49;0.00;0.49;Matches
156;Alberto Dossena;it ITA;DF;Cagliari;27-222;1998;11;9;830;9.2;0;1;1;0;0;0;5;0;0.00;0.11;0.11;0.00;0.11;Matches
157;Mamedi Doucouré;fr FRA;DF;Genoa;19-124;2007;1;0;9;0.1;0;0;0;0;0;0;0;0;0.00;0.00;0.00;0.00;0.00;Matches
158;Anastasios Douvikas;gr GRE;FW;Como;26-294;1999;37;24;2,191;24.3;13;1;14;12;1;1;0;0;0.53;0.04;0.58;0.49;0.53;Matches
159;Artem Dovbyk;ua UKR;FW;Roma;28-336;1997;14;3;393;4.4;3;1;4;3;0;0;0;0;0.69;0.23;0.92;0.69;0.92;Matches
160;Denzel Dumfries;nl NED;MF;Inter;30-035;1996;20;15;1,325;14.7;3;1;4;3;0;0;2;0;0.20;0.07;0.27;0.20;0.27;Matches
161;Rafiu Durosinmi;ng NGA;FW;Pisa;23-142;2003;12;4;432;4.8;1;1;2;1;0;0;1;1;0.21;0.21;0.42;0.21;0.42;Matches
162;Paulo Dybala;ar ARG;MF,FW;Roma;32-189;1993;21;14;1,264;14.0;2;4;6;2;0;1;0;0;0.14;0.28;0.43;0.14;0.43;Matches
163;Edin Džeko;ba BIH;FW;Fiorentina;40-067;1986;11;2;244;2.7;0;0;0;0;0;0;1;0;0.00;0.00;0.00;0.00;0.00;Matches
164;Enzo Ebosse;cm CMR;DF;Hellas Verona;27-073;1999;4;3;214;2.4;0;0;0;0;0;0;1;0;0.00;0.00;0.00;0.00;0.00;Matches
165;Enzo Ebosse;cm CMR;DF;Torino;27-073;1999;12;12;1,025;11.4;0;1;1;0;0;0;2;0;0.00;0.09;0.09;0.00;0.09;Matches
166;Éderson;br BRA;MF;Atalanta;26-320;1999;30;26;2,230;24.8;2;1;3;1;1;1;3;0;0.08;0.04;0.12;0.04;0.08;Matches
167;Andrias Edmundsson;fo FRO;DF;Hellas Verona;25-156;2000;14;14;1,229;13.7;0;0;0;0;0;0;3;0;0.00;0.00;0.00;0.00;0.00;Matches
168;Kingsley Ehizibue;nl NED;MF,DF;Udinese;30-363;1995;31;19;1,721;19.1;2;0;2;2;0;0;5;0;0.10;0.00;0.10;0.10;0.10;Matches
169;Jeff Ekhator;it ITA;FW,MF;Genoa;19-193;2006;30;9;956;10.6;3;0;3;3;0;0;3;0;0.28;0.00;0.28;0.28;0.28;Matches
170;Jurgen Ekkelenkamp;nl NED;MF;Udinese;26-048;2000;31;27;2,186;24.3;5;3;8;5;0;0;1;0;0.21;0.12;0.33;0.21;0.33;Matches
171;Caleb Ekuban;gh GHA;FW,MF;Genoa;32-061;1994;31;6;994;11.0;4;1;5;4;0;0;0;0;0.36;0.09;0.45;0.36;0.45;Matches
172;Mikael Ellertsson;is ISL;MF,DF;Genoa;24-073;2002;35;30;2,677;29.7;1;1;2;1;0;0;1;1;0.03;0.03;0.07;0.03;0.07;Matches
173;Elif Elmas;mk MKD;MF,FW;Napoli;26-241;1999;32;19;1,693;18.8;1;3;4;1;0;0;3;0;0.05;0.16;0.21;0.05;0.21;Matches
174;Nesta Elphege;fr FRA;FW;Parma;25-134;2001;9;2;309;3.4;2;1;3;2;0;0;0;0;0.58;0.29;0.87;0.58;0.87;Matches
175;Francesco Esposito;it ITA;FW;Inter;20-329;2005;34;14;1,481;16.5;6;3;9;6;0;0;1;0;0.36;0.18;0.55;0.36;0.55;Matches
Rk;Player;Nation;Pos;Squad;Age;Born;MP;Starts;Min;90s;Gls;Ast;G+A;G-PK;PK;PKatt;CrdY;CrdR;Gls;Ast;G+A;G-PK;G+A-PK;Matches
176;Sebastiano Esposito;it ITA;FW,MF;Cagliari;23-325;2002;35;33;2,586;28.7;7;5;12;6;1;1;6;0;0.24;0.17;0.42;0.21;0.38;Matches
177;Tomás Esteves;pt POR;DF,MF;Pisa;24-050;2002;1;0;14;0.2;0;0;0;0;0;0;0;0;0.00;0.00;0.00;0.00;0.00;Matches
178;Nahuel Estévez;ar ARG;MF;Parma;30-190;1995;32;9;1,049;11.7;0;1;1;0;0;0;2;0;0.00;0.09;0.09;0.00;0.09;Matches
179;Pervis Estupiñán;ec ECU;MF;Milan;28-122;1998;19;13;1,034;11.5;1;1;2;1;0;0;5;1;0.09;0.09;0.17;0.09;0.17;Matches
180;Giovanni Fabbian;it ITA;MF;Bologna;23-129;2003;14;8;705;7.8;2;0;2;2;0;0;0;0;0.26;0.00;0.26;0.26;0.26;Matches
181;Giovanni Fabbian;it ITA;MF;Fiorentina;23-129;2003;15;4;468;5.2;0;0;0;0;0;0;2;0;0.00;0.00;0.00;0.00;0.00;Matches
182;Alieu Fadera;gm GAM;FW;Sassuolo;24-201;2001;28;8;987;11.0;2;1;3;2;0;0;5;0;0.18;0.09;0.27;0.18;0.27;Matches
183;Nicolò Fagioli;it ITA;MF;Fiorentina;25-100;2001;33;30;2,554;28.4;2;3;5;2;0;0;5;0;0.07;0.11;0.18;0.07;0.18;Matches
184;Wladimiro Falcone;it ITA;GK;Lecce;31-041;1995;37;37;3,330;37.0;0;0;0;0;0;0;2;0;0.00;0.00;0.00;0.00;0.00;Matches
185;Jacopo Fazzini;it ITA;MF,FW;Fiorentina;23-068;2003;20;5;584;6.5;0;0;0;0;0;0;2;0;0.00;0.00;0.00;0.00;0.00;Matches
186;Mattia Felici;it ITA;MF;Cagliari;25-036;2001;11;4;411;4.6;2;1;3;2;0;0;3;0;0.44;0.22;0.66;0.44;0.66;Matches
187;Pedro Felipe;br BRA;DF;Sassuolo;22-000;2004;2;1;92;1.0;0;1;1;0;0;0;0;0;0.00;0.98;0.98;0.00;0.98;Matches
188;Evan Ferguson;ie IRL;FW;Roma;21-216;2004;16;10;773;8.6;3;2;5;3;0;0;1;0;0.35;0.23;0.58;0.35;0.58;Matches
189;Lewis Ferguson;sct SCO;MF;Bologna;26-272;1999;26;16;1,511;16.8;1;0;1;1;0;0;7;1;0.06;0.00;0.06;0.06;0.06;Matches
190;Seydou Fini;it ITA;FW;Genoa;19-355;2006;1;0;32;0.4;0;0;0;0;0;0;0;0;0.00;0.00;0.00;0.00;0.00;Matches
191;Romano Floriani;it ITA;MF;Cremonese;23-116;2003;27;12;1,123;12.5;0;1;1;0;0;0;2;0;0.00;0.08;0.08;0.00;0.08;Matches
192;Sadik Fofana;tg TOG;MF;Lecce;23-007;2003;5;1;84;0.9;0;0;0;0;0;0;0;0;0.00;0.00;0.00;0.00;0.00;Matches
193;Youssouf Fofana;fr FRA;MF;Milan;27-133;1999;32;27;2,136;23.7;2;3;5;2;0;0;4;0;0.08;0.13;0.21;0.08;0.21;Matches
194;Francesco Folino;it ITA;DF;Cremonese;24-120;2002;18;7;722;8.0;1;0;1;1;0;0;1;0;0.12;0.00;0.12;0.12;0.12;Matches
195;Michael Folorunsho;it ITA;MF,FW;Cagliari;28-105;1998;27;24;1,999;22.2;2;0;2;2;0;0;3;0;0.09;0.00;0.09;0.09;0.09;Matches
196;Niccolò Fortini;it ITA;MF;Fiorentina;20-099;2006;16;2;541;6.0;0;0;0;0;0;0;0;0;0.00;0.00;0.00;0.00;0.00;Matches
197;Christian Frangella;it ITA;MF;Sassuolo;19-179;2006;1;0;3;0.0;0;0;0;0;0;0;0;0;0.00;0.00;0.00;0.00;0.00;Matches
198;Davide Frattesi;it ITA;MF;Inter;26-213;1999;22;3;569;6.3;0;0;0;0;0;0;0;0;0.00;0.00;0.00;0.00;0.00;Matches
199;Morten Frendrup;dk DEN;MF;Genoa;25-046;2001;35;34;2,991;33.2;1;0;1;1;0;0;5;0;0.03;0.00;0.03;0.03;0.03;Matches
200;Martin Frese;dk DEN;MF,DF;Hellas Verona;28-139;1998;30;26;2,339;26.0;2;0;2;2;0;0;8;0;0.08;0.00;0.08;0.08;0.08;Matches
Rk;Player;Nation;Pos;Squad;Age;Born;MP;Starts;Min;90s;Gls;Ast;G+A;G-PK;PK;PKatt;CrdY;CrdR;Gls;Ast;G+A;G-PK;G+A-PK;Matches
201;Remo Freuler;ch SUI;MF;Bologna;34-038;1992;28;25;2,148;23.9;1;2;3;1;0;0;5;0;0.04;0.08;0.13;0.04;0.13;Matches
202;Niclas Füllkrug;de GER;FW;Milan;33-103;1993;19;3;629;7.0;1;0;1;1;0;1;0;0;0.14;0.00;0.14;0.14;0.14;Matches
203;Alessio Furlanetto;it ITA;GK;Lazio;24-105;2002;1;1;90;1.0;0;0;0;0;0;0;0;0;0.00;0.00;0.00;0.00;0.00;Matches
204;Matteo Gabbia;it ITA;DF;Milan;26-214;1999;29;27;2,440;27.1;0;0;0;0;0;0;4;0;0.00;0.00;0.00;0.00;0.00;Matches
205;Tiago Gabriel;pt POR;DF;Lecce;21-148;2004;36;35;3,129;34.8;2;0;2;2;0;0;6;0;0.06;0.00;0.06;0.06;0.06;Matches
206;Gianluca Gaetano;it ITA;MF,FW;Cagliari;26-018;2000;32;20;1,822;20.2;2;4;6;2;0;0;4;0;0.10;0.20;0.30;0.10;0.30;Matches
207;Roberto Gagliardini;it ITA;MF;Hellas Verona;32-046;1994;29;25;2,272;25.2;1;0;1;1;0;0;9;0;0.04;0.00;0.04;0.04;0.04;Matches
208;Antonino Gallo;it ITA;DF;Lecce;26-138;2000;36;33;2,966;33.0;0;4;4;0;0;0;3;0;0.00;0.12;0.12;0.00;0.12;Matches
209;Omri Gandelman;il ISR;MF,FW;Lecce;26-007;2000;18;10;930;10.3;2;1;3;2;0;0;0;0;0.19;0.10;0.29;0.19;0.29;Matches
210;Ulisses Garcia;ch SUI;DF;Sassuolo;30-132;1996;12;9;853;9.5;1;2;3;1;0;0;3;0;0.11;0.21;0.32;0.11;0.32;Matches
211;Federico Gatti;it ITA;DF;Juventus;27-333;1998;20;11;1,003;11.1;2;0;2;2;0;0;3;0;0.18;0.00;0.18;0.18;0.18;Matches
212;David de Gea;es ESP;GK;Fiorentina;35-197;1990;37;37;3,330;37.0;0;0;0;0;0;0;0;0;0.00;0.00;0.00;0.00;0.00;Matches
213;Daniele Ghilardi;it ITA;DF;Roma;23-137;2003;22;8;1,052;11.7;0;0;0;0;0;0;1;0;0.00;0.00;0.00;0.00;0.00;Matches
214;Andrea Ghion;it ITA;MF;Sassuolo;26-089;2000;1;0;10;0.1;0;0;0;0;0;0;0;0;0.00;0.00;0.00;0.00;0.00;Matches
215;Mario Gila;es ESP;DF;Lazio;25-267;2000;30;30;2,427;27.0;0;0;0;0;0;0;3;1;0.00;0.00;0.00;0.00;0.00;Matches
216;Billy Gilmour;sct SCO;MF;Napoli;24-346;2001;16;8;751;8.3;1;0;1;1;0;0;1;0;0.12;0.00;0.12;0.12;0.12;Matches
217;Santiago Giménez;mx MEX;FW;Milan;25-035;2001;15;10;847;9.4;0;0;0;0;0;0;2;0;0.00;0.00;0.00;0.00;0.00;Matches
218;Gvidas Gineitis;lt LTU;MF;Torino;22-038;2004;28;22;1,711;19.0;0;1;1;0;0;0;5;0;0.00;0.05;0.05;0.00;0.05;Matches
219;Giovane;br BRA;FW,MF;Hellas Verona;22-180;2003;21;19;1,533;17.0;3;4;7;3;0;0;2;0;0.18;0.23;0.41;0.18;0.41;Matches
220;Giovane;br BRA;MF,FW;Napoli;22-180;2003;12;2;338;3.8;0;1;1;0;0;0;0;0;0.00;0.27;0.27;0.00;0.27;Matches
221;Saba Goglichidze;ge GEO;DF;Udinese;21-332;2004;8;4;424;4.7;0;0;0;0;0;0;2;0;0.00;0.00;0.00;0.00;0.00;Matches
222;Edoardo Goldaniga;it ITA;DF;Como;32-202;1993;2;0;15;0.2;0;0;0;0;0;0;0;0;0.00;0.00;0.00;0.00;0.00;Matches
223;Nicolás González;ar ARG;FW,MF;Juventus;28-047;1998;2;0;19;0.2;0;0;0;0;0;0;0;0;0.00;0.00;0.00;0.00;0.00;Matches
224;Olaf Gorter;nl NED;MF;Lecce;21-112;2005;2;0;28;0.3;0;0;0;0;0;0;0;0;0.00;0.00;0.00;0.00;0.00;Matches
225;Robin Gosens;de GER;DF,MF;Fiorentina;31-322;1994;26;24;1,881;20.9;3;1;4;3;0;0;2;0;0.14;0.05;0.19;0.14;0.19;Matches
Rk;Player;Nation;Pos;Squad;Age;Born;MP;Starts;Min;90s;Gls;Ast;G+A;G-PK;PK;PKatt;CrdY;CrdR;Gls;Ast;G+A;G-PK;G+A-PK;Matches
226;Alberto Grassi;it ITA;MF;Cremonese;31-077;1995;29;17;1,683;18.7;0;0;0;0;0;0;4;0;0.00;0.00;0.00;0.00;0.00;Matches
227;Albert Grønbaek;dk DEN;MF;Genoa;25-000;2001;4;1;103;1.1;0;0;0;0;0;0;1;0;0.00;0.00;0.00;0.00;0.00;Matches
228;Mattéo Guendouzi;fr FRA;MF;Lazio;27-039;1999;16;16;1,428;15.9;2;1;3;2;0;0;5;1;0.13;0.06;0.19;0.13;0.19;Matches
229;Idrissa Guèye;sn SEN;FW;Udinese;19-249;2006;18;1;384;4.3;1;0;1;1;0;0;2;0;0.23;0.00;0.23;0.23;0.23;Matches
230;Miguel Gutiérrez;es ESP;MF,DF;Napoli;24-300;2001;27;14;1,398;15.5;1;1;2;1;0;0;0;0;0.06;0.06;0.13;0.06;0.13;Matches
231;Albert Guðmundsson;is ISL;FW,MF;Fiorentina;28-342;1997;33;27;2,250;25.0;5;4;9;2;3;3;4;1;0.20;0.16;0.36;0.08;0.24;Matches
232;Jack Harrison;eng ENG;FW,MF;Fiorentina;29-184;1996;15;10;981;10.9;1;3;4;1;0;0;1;0;0.09;0.28;0.37;0.09;0.37;Matches
233;Abdou Harroui;nl NED;MF,FW;Hellas Verona;28-130;1998;22;10;838;9.3;1;0;1;0;1;1;3;0;0.11;0.00;0.11;0.00;0.00;Matches
234;Torbjørn Heggem;no NOR;DF;Bologna;27-131;1999;26;23;2,103;23.4;0;0;0;0;0;0;0;1;0.00;0.00;0.00;0.00;0.00;Matches
235;Eivind Helland;no NOR;DF;Bologna;21-028;2005;5;5;404;4.5;0;0;0;0;0;0;2;0;0.00;0.00;0.00;0.00;0.00;Matches
236;Luis Henrique;br BRA;MF;Inter;24-160;2001;29;18;1,587;17.6;1;2;3;1;0;0;1;0;0.06;0.11;0.17;0.06;0.17;Matches
237;Mario Hermoso;es ESP;DF;Roma;30-339;1995;26;24;1,995;22.2;3;2;5;3;0;0;9;0;0.14;0.09;0.23;0.14;0.23;Matches
238;Hernani;br BRA;MF;Parma;32-057;1994;4;0;73;0.8;0;0;0;0;0;0;0;0;0.00;0.00;0.00;0.00;0.00;Matches
239;Isak Hien;se SWE;DF;Atalanta;27-130;1999;28;20;1,970;21.9;1;0;1;1;0;0;5;0;0.05;0.00;0.05;0.05;0.05;Matches
240;Malthe Hojholt;dk DEN;MF;Pisa;25-037;2001;16;9;805;8.9;0;0;0;0;0;0;2;0;0.00;0.00;0.00;0.00;0.00;Matches
241;Emil Holm;se SWE;DF;Bologna;26-010;2000;11;8;655;7.3;1;4;5;1;0;0;3;1;0.14;0.55;0.69;0.14;0.69;Matches
242;Emil Holm;se SWE;MF;Juventus;26-010;2000;6;2;202;2.2;0;0;0;0;0;0;0;0;0.00;0.00;0.00;0.00;0.00;Matches
243;Elseid Hysaj;al ALB;DF;Lazio;32-092;1994;5;1;174;1.9;0;0;0;0;0;0;0;0;0.00;0.00;0.00;0.00;0.00;Matches
244;Rasmus Højlund;dk DEN;FW;Napoli;23-108;2003;32;31;2,660;29.6;11;5;16;10;1;1;1;0;0.37;0.17;0.54;0.34;0.51;Matches
245;Edoardo Iannoni;it ITA;MF;Sassuolo;25-042;2001;15;1;260;2.9;1;0;1;1;0;0;3;0;0.35;0.00;0.35;0.35;0.35;Matches
246;Riyad Idrissi;it ITA;MF,DF;Cagliari;20-344;2005;23;4;783;8.7;2;0;2;2;0;0;3;0;0.23;0.00;0.23;0.23;0.23;Matches
247;Jay Idzes;id IDN;DF;Sassuolo;25-355;2000;34;34;3,008;33.4;0;0;0;0;0;0;2;0;0.00;0.00;0.00;0.00;0.00;Matches
248;Ivan Ilić;rs SRB;MF;Torino;25-067;2001;8;5;416;4.6;0;0;0;0;0;0;2;0;0.00;0.00;0.00;0.00;0.00;Matches
249;Samuel Iling-Junior;eng ENG;MF;Pisa;22-231;2003;5;1;110;1.2;0;0;0;0;0;0;0;0;0.00;0.00;0.00;0.00;0.00;Matches
250;Emirhan İlkhan;tr TUR;MF;Torino;21-356;2004;18;12;939;10.4;1;2;3;1;0;0;2;1;0.10;0.19;0.29;0.10;0.29;Matches
Rk;Player;Nation;Pos;Squad;Age;Born;MP;Starts;Min;90s;Gls;Ast;G+A;G-PK;PK;PKatt;CrdY;CrdR;Gls;Ast;G+A;G-PK;G+A-PK;Matches
251;Ciro Immobile;it ITA;FW;Bologna;36-092;1990;6;2;193;2.1;0;0;0;0;0;0;1;0;0.00;0.00;0.00;0.00;0.00;Matches
252;Isaac;br BRA;FW;Hellas Verona;22-058;2004;3;0;40;0.4;0;0;0;0;0;0;0;0;0.00;0.00;0.00;0.00;0.00;Matches
253;Gustav Isaksen;dk DEN;FW;Lazio;25-034;2001;30;18;1,593;17.7;5;1;6;5;0;0;0;0;0.28;0.06;0.34;0.28;0.34;Matches
254;Ardian Ismajli;al ALB;DF;Torino;29-235;1996;24;20;1,816;20.2;0;1;1;0;0;0;5;0;0.00;0.05;0.05;0.00;0.05;Matches
255;Franco Israel;uy URU;GK;Torino;26-031;2000;9;9;810;9.0;0;0;0;0;0;0;1;0;0.00;0.00;0.00;0.00;0.00;Matches
256;Ardon Jashari;ch SUI;MF;Milan;23-297;2002;13;6;640;7.1;0;1;1;0;0;0;0;0;0.00;0.14;0.14;0.00;0.14;Matches
257;Gaby Jean;fr FRA;DF;Lecce;26-093;2000;6;1;186;2.1;0;0;0;0;0;0;1;0;0.00;0.00;0.00;0.00;0.00;Matches
258;Oliver Jensen;dk DEN;MF;Parma;24-074;2002;33;19;1,821;20.2;1;1;2;1;0;0;2;0;0.05;0.05;0.10;0.05;0.10;Matches
259;Juan Jesus;br BRA;DF;Napoli;34-347;1991;23;19;1,630;18.1;0;0;0;0;0;0;10;1;0.00;0.00;0.00;0.00;0.00;Matches
260;Álex Jiménez;es ESP;DF;Milan;21-015;2005;1;0;45;0.5;0;0;0;0;0;0;1;0;0.00;0.00;0.00;0.00;0.00;Matches
261;Þórir Jóhann Helgason;is ISL;MF;Lecce;25-237;2000;8;1;147;1.6;0;0;0;0;0;0;0;0;0.00;0.00;0.00;0.00;0.00;Matches
262;Dennis Johnsen;no NOR;MF,FW;Cremonese;28-095;1998;11;5;390;4.3;1;1;2;1;0;0;0;0;0.23;0.23;0.46;0.23;0.46;Matches
263;Mohamed Kaba;gn GUI;MF;Lecce;24-208;2001;15;5;633;7.0;0;0;0;0;0;0;1;0;0.00;0.00;0.00;0.00;0.00;Matches
264;Christian Kabasele;be BEL;DF;Udinese;35-088;1991;29;27;2,184;24.3;3;0;3;3;0;0;5;0;0.12;0.00;0.12;0.12;0.12;Matches
265;Pierre Kalulu;fr FRA;DF,MF;Juventus;25-352;2000;36;36;3,191;35.5;2;4;6;2;0;0;3;1;0.06;0.11;0.17;0.06;0.17;Matches
266;Hassane Kamara;ci CIV;MF,DF;Udinese;32-079;1994;26;22;1,861;20.7;0;2;2;0;0;0;5;0;0.00;0.10;0.10;0.00;0.10;Matches
267;Jesper Karlström;se SWE;MF;Udinese;30-336;1995;35;35;3,088;34.3;1;0;1;1;0;0;5;0;0.03;0.00;0.03;0.03;0.03;Matches
268;Grigoris Kastanos;cy CYP;MF;Hellas Verona;28-113;1998;6;0;44;0.5;0;0;0;0;0;0;0;0;0.00;0.00;0.00;0.00;0.00;Matches
269;Moise Kean;it ITA;FW;Fiorentina;26-084;2000;26;23;2,036;22.6;8;1;9;6;2;2;4;0;0.35;0.04;0.40;0.27;0.31;Matches
270;Mandela Keita;be BEL;MF;Parma;24-013;2002;36;35;2,908;32.3;1;1;2;1;0;0;1;0;0.03;0.03;0.06;0.03;0.06;Matches
271;Lloyd Kelly;eng ENG;DF;Juventus;27-229;1998;34;32;2,906;32.3;1;1;2;1;0;0;4;0;0.03;0.03;0.06;0.03;0.06;Matches
272;Marc-Oliver Kempf;de GER;DF;Como;31-115;1995;33;26;2,236;24.8;4;1;5;4;0;0;3;0;0.16;0.04;0.20;0.16;0.20;Matches
273;Kialonda;ao ANG;DF;Lecce;28-238;1997;22;21;1,828;20.3;0;0;0;0;0;0;6;1;0.00;0.00;0.00;0.00;0.00;Matches
274;Semih Kılıçsoy;tr TUR;FW;Cagliari;20-281;2005;22;11;975;10.8;4;0;4;4;0;0;1;0;0.37;0.00;0.37;0.37;0.37;Matches
275;Sead Kolašinac;ba BIH;DF;Atalanta;32-337;1993;19;15;1,212;13.5;0;0;0;0;0;0;3;0;0.00;0.00;0.00;0.00;0.00;Matches
Rk;Player;Nation;Pos;Squad;Age;Born;MP;Starts;Min;90s;Gls;Ast;G+A;G-PK;PK;PKatt;CrdY;CrdR;Gls;Ast;G+A;G-PK;G+A-PK;Matches
276;Ismaël Koné;ca CAN;MF;Sassuolo;23-351;2002;34;32;2,673;29.7;6;0;6;6;0;0;5;1;0.20;0.00;0.20;0.20;0.20;Matches
277;Manu Koné;fr FRA;MF;Roma;25-006;2001;28;28;2,437;27.1;2;3;5;2;0;0;2;0;0.07;0.11;0.18;0.07;0.18;Matches
278;Teun Koopmeiners;nl NED;MF,DF;Juventus;28-084;1998;32;18;1,806;20.1;0;0;0;0;0;0;5;0;0.00;0.00;0.00;0.00;0.00;Matches
279;Odilon Kossounou;ci CIV;DF;Atalanta;25-139;2001;19;10;988;11.0;1;0;1;1;0;0;1;0;0.09;0.00;0.09;0.09;0.09;Matches
280;Filip Kostić;rs SRB;MF;Juventus;33-203;1992;18;4;479;5.3;3;1;4;3;0;0;1;0;0.56;0.19;0.75;0.56;0.75;Matches
281;Eddy Kouadio;ci CIV;DF;Fiorentina;19-358;2006;3;0;72;0.8;0;0;0;0;0;0;0;0;0.00;0.00;0.00;0.00;0.00;Matches
282;Christian Kouamé;ci CIV;FW,MF;Fiorentina;28-168;1997;2;0;27;0.3;0;0;0;0;0;0;0;0;0.00;0.00;0.00;0.00;0.00;Matches
283;Christ-Owen Kouassi;fr FRA;DF;Lecce;23-038;2003;4;3;228;2.5;0;0;0;0;0;0;0;0;0.00;0.00;0.00;0.00;0.00;Matches
284;Thomas Kristensen;dk DEN;DF;Udinese;24-126;2002;27;27;2,414;26.8;3;0;3;3;0;0;4;0;0.11;0.00;0.11;0.11;0.11;Matches
285;Nikola Krstović;me MNE;FW;Atalanta;26-048;2000;33;18;1,791;19.9;10;5;15;10;0;0;4;0;0.50;0.25;0.75;0.50;0.75;Matches
286;Nicolas-Gerrit Kühn;de GER;MF;Como;26-142;2000;23;6;665;7.4;1;1;2;1;0;0;0;0;0.14;0.14;0.27;0.14;0.27;Matches
287;Sandro Kulenović;hr CRO;FW;Torino;26-170;1999;13;3;300;3.3;0;1;1;0;0;0;2;0;0.00;0.30;0.30;0.00;0.30;Matches
288;Tariq Lamptey;gh GHA;MF;Fiorentina;25-235;2000;2;1;25;0.3;0;0;0;0;0;0;0;0;0.00;0.00;0.00;0.00;0.00;Matches
289;Noa Lang;nl NED;FW,MF;Napoli;26-340;1999;18;7;666;7.4;1;2;3;1;0;0;2;0;0.14;0.27;0.41;0.14;0.41;Matches
290;Armand Lauriente;fr FRA;FW;Sassuolo;27-170;1998;37;32;2,527;28.1;7;9;16;7;0;0;4;0;0.25;0.32;0.57;0.25;0.57;Matches
291;Matteo Lavelli;it ITA;FW;Inter;19-166;2006;1;0;8;0.1;0;0;0;0;0;0;0;0;0.00;0.00;0.00;0.00;0.00;Matches
292;Valentino Lazaro;at AUT;MF;Torino;30-060;1996;31;26;2,252;25.0;0;2;2;0;0;0;4;0;0.00;0.08;0.08;0.00;0.08;Matches
293;Manuel Lazzari;it ITA;DF;Lazio;32-175;1993;22;9;929;10.3;0;0;0;0;0;0;2;0;0.00;0.00;0.00;0.00;0.00;Matches
294;Andréa Le Borgne;fr FRA;MF;Como;19-300;2006;1;0;1;0.0;0;0;0;0;0;0;0;0;0.00;0.00;0.00;0.00;0.00;Matches
295;Nicola Leali;it ITA;GK;Genoa;33-095;1993;21;20;1,757;19.5;0;0;0;0;0;0;2;1;0.00;0.00;0.00;0.00;0.00;Matches
296;Rafael Leão;pt POR;FW;Milan;26-347;1999;28;23;1,828;20.3;9;3;12;7;2;2;5;0;0.44;0.15;0.59;0.34;0.49;Matches
297;Mehdi Léris;dz ALG;MF;Pisa;28-000;1998;33;20;1,830;20.3;2;3;5;2;0;0;2;0;0.10;0.15;0.25;0.10;0.25;Matches
298;Luca Lezzerini;it ITA;GK;Fiorentina;31-060;1995;1;0;4;0.0;0;0;0;0;0;0;0;0;0.00;0.00;0.00;0.00;0.00;Matches
299;Luca Lipani;it ITA;MF;Sassuolo;21-005;2005;23;9;952;10.6;0;1;1;0;0;0;3;0;0.00;0.09;0.09;0.00;0.09;Matches
300;Pol Lirola;es ESP;MF;Hellas Verona;28-283;1997;6;3;305;3.4;0;0;0;0;0;0;1;0;0.00;0.00;0.00;0.00;0.00;Matches
Rk;Player;Nation;Pos;Squad;Age;Born;MP;Starts;Min;90s;Gls;Ast;G+A;G-PK;PK;PKatt;CrdY;CrdR;Gls;Ast;G+A;G-PK;G+A-PK;Matches
301;Joseph Liteta;zm ZAM;MF;Cagliari;20-090;2006;4;4;264;2.9;0;0;0;0;0;0;0;0;0.00;0.00;0.00;0.00;0.00;Matches
302;Stanislav Lobotka;sk SVK;MF;Napoli;31-179;1994;31;28;2,395;26.6;1;1;2;1;0;0;3;0;0.04;0.04;0.08;0.04;0.08;Matches
303;Manuel Locatelli;it ITA;MF;Juventus;28-135;1998;35;35;2,904;32.3;1;2;3;1;0;1;9;0;0.03;0.06;0.09;0.03;0.09;Matches
304;Ruben Loftus-Cheek;eng ENG;MF,FW;Milan;30-120;1996;28;12;1,133;12.6;3;1;4;3;0;0;2;0;0.24;0.08;0.32;0.24;0.32;Matches
305;Ademola Lookman;ng NGA;FW,MF;Atalanta;28-215;1997;12;9;795;8.8;2;0;2;2;0;0;0;0;0.23;0.00;0.23;0.23;0.23;Matches
306;Dachi Lordkipanidze;ge GEO;MF;Cremonese;21-076;2005;1;0;29;0.3;0;0;0;0;0;0;0;0;0.00;0.00;0.00;0.00;0.00;Matches
307;Lorran;br BRA;FW;Pisa;19-323;2006;9;0;122;1.4;1;0;1;1;0;0;0;0;0.74;0.00;0.74;0.74;0.74;Matches
308;Sandi Lovrić;si SVN;MF;Udinese;28-056;1998;6;1;161;1.8;0;1;1;0;0;0;1;0;0.00;0.56;0.56;0.00;0.56;Matches
309;Sandi Lovrić;si SVN;MF;Hellas Verona;28-056;1998;6;2;252;2.8;0;0;0;0;0;0;0;0;0.00;0.00;0.00;0.00;0.00;Matches
310;Felipe Loyola;cl CHI;MF;Pisa;25-195;2000;10;6;508;5.6;1;0;1;1;0;0;0;1;0.18;0.00;0.18;0.18;0.18;Matches
311;Lorenzo Lucca;it ITA;FW;Napoli;25-255;2000;16;4;408;4.5;1;0;1;1;0;0;1;0;0.22;0.00;0.22;0.22;0.22;Matches
312;Jhon Lucumí;co COL;DF;Bologna;27-331;1998;28;25;2,197;24.4;1;0;1;1;0;0;5;0;0.04;0.00;0.04;0.04;0.04;Matches
313;Romelu Lukaku;be BEL;FW;Napoli;33-010;1993;5;0;44;0.5;1;0;1;1;0;0;1;0;2.05;0.00;2.05;2.05;2.05;Matches
314;Sebastiano Luperto;it ITA;DF;Cremonese;29-259;1996;14;14;1,217;13.5;0;1;1;0;0;0;1;0;0.00;0.07;0.07;0.00;0.07;Matches
315;Sebastiano Luperto;it ITA;DF;Cagliari;29-259;1996;19;19;1,706;19.0;1;0;1;1;0;0;3;0;0.05;0.00;0.05;0.05;0.05;Matches
316;Mateus Lusuardi;br BRA;DF;Pisa;22-135;2004;3;3;198;2.2;0;0;0;0;0;0;1;0;0.00;0.00;0.00;0.00;0.00;Matches
317;Zito Luvumbo;ao ANG;MF,FW;Cagliari;24-075;2002;12;2;329;3.7;0;0;0;0;0;0;0;0;0.00;0.00;0.00;0.00;0.00;Matches
318;Babis Lykogiannis;gr GRE;DF;Bologna;32-213;1993;10;7;627;7.0;0;1;1;0;0;0;3;0;0.00;0.14;0.14;0.00;0.14;Matches
319;Mathias Løvik;no NOR;MF;Parma;22-168;2003;9;5;471;5.2;0;0;0;0;0;0;0;0;0.00;0.00;0.00;0.00;0.00;Matches
320;Mike Maignan;fr FRA;GK;Milan;30-324;1995;36;36;3,205;35.6;0;0;0;0;0;0;3;0;0.00;0.00;0.00;0.00;0.00;Matches
321;Daniel Maldini;it ITA;FW;Lazio;24-224;2001;11;9;667;7.4;2;1;3;2;0;0;0;0;0.27;0.13;0.40;0.27;0.40;Matches
322;Daniel Maldini;it ITA;MF;Atalanta;24-224;2001;9;3;264;2.9;0;0;0;0;0;0;1;0;0.00;0.00;0.00;0.00;0.00;Matches
323;Youssef Maleh;ma MAR;MF;Cremonese;27-274;1998;13;13;1,085;12.1;1;0;1;1;0;0;2;1;0.08;0.00;0.08;0.08;0.08;Matches
324;Youssef Maleh;ma MAR;MF;Lecce;27-274;1998;9;5;460;5.1;0;0;0;0;0;0;2;0;0.00;0.00;0.00;0.00;0.00;Matches
325;Donyell Malen;nl NED;FW;Roma;27-134;1999;17;17;1,384;15.4;13;2;15;10;3;3;1;0;0.85;0.13;0.98;0.65;0.78;Matches
Rk;Player;Nation;Pos;Squad;Age;Born;MP;Starts;Min;90s;Gls;Ast;G+A;G-PK;PK;PKatt;CrdY;CrdR;Gls;Ast;G+A;G-PK;G+A-PK;Matches
326;Ruslan Malinovskyi;ua UKR;MF;Genoa;33-019;1993;34;28;2,235;24.8;6;3;9;3;3;3;10;0;0.24;0.12;0.36;0.12;0.24;Matches
327;Gianluca Mancini;it ITA;DF;Roma;30-036;1996;35;35;2,969;33.0;4;2;6;4;0;0;9;0;0.12;0.06;0.18;0.12;0.18;Matches
328;Rolando Mandragora;it ITA;MF;Fiorentina;28-328;1997;34;30;2,421;26.9;7;3;10;6;1;1;7;0;0.26;0.11;0.37;0.22;0.33;Matches
329;Alessandro Marcandalli;it ITA;DF;Genoa;23-210;2002;31;28;2,515;27.9;0;2;2;0;0;0;4;0;0.00;0.07;0.07;0.00;0.07;Matches
330;Pablo Marí;es ESP;DF;Fiorentina;32-265;1993;11;9;808;9.0;0;0;0;0;0;0;3;0;0.00;0.00;0.00;0.00;0.00;Matches
331;Luca Marianucci;it ITA;DF;Torino;21-304;2004;10;6;575;6.4;0;0;0;0;0;0;2;0;0.00;0.00;0.00;0.00;0.00;Matches
332;Luca Marianucci;it ITA;DF;Napoli;21-304;2004;2;1;119;1.3;0;1;1;0;0;0;0;0;0.00;0.76;0.76;0.00;0.76;Matches
333;Marius Marin;ro ROU;MF;Pisa;27-266;1998;23;18;1,281;14.2;0;0;0;0;0;0;7;0;0.00;0.00;0.00;0.00;0.00;Matches
334;João Mário Lopes;pt POR;DF,MF;Bologna;26-140;2000;10;10;735;8.2;1;0;1;1;0;0;1;0;0.12;0.00;0.12;0.12;0.12;Matches
335;João Mário Lopes;pt POR;MF;Juventus;26-140;2000;10;2;258;2.9;0;0;0;0;0;0;1;0;0.00;0.00;0.00;0.00;0.00;Matches
336;Guillermo Maripán;cl CHI;DF;Torino;32-017;1994;27;24;2,145;23.8;2;0;2;2;0;0;4;0;0.08;0.00;0.08;0.08;0.08;Matches
337;Aarón Martín;es ESP;MF,DF;Genoa;29-031;1997;32;25;2,097;23.3;1;5;6;1;0;1;2;0;0.04;0.21;0.26;0.04;0.26;Matches
338;Josep Martinez;es ESP;GK;Inter;27-361;1998;4;4;360;4.0;0;0;0;0;0;0;0;0;0.00;0.00;0.00;0.00;0.00;Matches
339;Lautaro Martínez;ar ARG;FW;Inter;28-274;1997;29;26;2,106;23.4;17;6;23;17;0;0;3;0;0.73;0.26;0.98;0.73;0.98;Matches
340;Adam Marušić;me MNE;DF;Lazio;33-218;1992;32;31;2,688;29.9;1;2;3;1;0;0;1;1;0.03;0.07;0.10;0.03;0.10;Matches
341;Adam Masina;ma MAR;DF;Torino;32-141;1994;5;2;235;2.6;0;1;1;0;0;0;0;0;0.00;0.38;0.38;0.00;0.38;Matches
342;Patrizio Masini;it ITA;MF;Genoa;25-116;2001;27;12;1,331;14.8;0;1;1;0;0;0;5;0;0.00;0.07;0.07;0.00;0.07;Matches
343;Nemanja Matić;rs SRB;MF;Sassuolo;37-295;1988;33;31;2,634;29.3;1;1;2;1;0;0;7;1;0.03;0.03;0.07;0.03;0.07;Matches
344;Luca Mazzitelli;it ITA;MF;Cagliari;30-189;1995;18;9;767;8.5;2;2;4;2;0;0;3;0;0.23;0.23;0.47;0.23;0.47;Matches
345;Pasquale Mazzocchi;it ITA;MF;Napoli;30-300;1995;15;2;299;3.3;0;1;1;0;0;0;0;1;0.00;0.30;0.30;0.00;0.30;Matches
346;Weston McKennie;us USA;MF;Juventus;27-268;1998;35;31;2,745;30.5;5;5;10;5;0;0;5;0;0.16;0.16;0.33;0.16;0.33;Matches
347;Scott McTominay;sct SCO;MF;Napoli;29-166;1996;32;30;2,701;30.0;10;3;13;10;0;1;1;0;0.33;0.10;0.43;0.33;0.43;Matches
348;Henrik Meister;dk DEN;FW;Pisa;22-187;2003;28;15;1,515;16.8;2;0;2;2;0;0;2;0;0.12;0.00;0.12;0.12;0.12;Matches
349;Paul Mendy;sn SEN;FW;Cagliari;19-142;2007;8;3;318;3.5;2;0;2;2;0;0;1;0;0.57;0.00;0.57;0.57;0.57;Matches
350;Alex Meret;it ITA;GK;Napoli;29-062;1997;10;10;900;10.0;0;1;1;0;0;0;1;0;0.00;0.10;0.10;0.00;0.10;Matches
Rk;Player;Nation;Pos;Squad;Age;Born;MP;Starts;Min;90s;Gls;Ast;G+A;G-PK;PK;PKatt;CrdY;CrdR;Gls;Ast;G+A;G-PK;G+A-PK;Matches
351;Junior Messias;br BRA;MF;Genoa;35-010;1991;20;5;685;7.6;3;1;4;2;1;1;1;0;0.39;0.13;0.53;0.26;0.39;Matches
352;Daniel Mikołajewski;pl POL;FW;Parma;20-119;2006;2;0;25;0.3;0;0;0;0;0;0;0;0;0.00;0.00;0.00;0.00;0.00;Matches
353;Arkadiusz Milik;pl POL;FW;Juventus;32-084;1994;2;0;36;0.4;0;0;0;0;0;0;0;0;0.00;0.00;0.00;0.00;0.00;Matches
354;Vanja Milinković-Savić;rs SRB;GK;Napoli;29-092;1997;27;27;2,430;27.0;0;1;1;0;0;0;0;0;0.00;0.04;0.04;0.00;0.04;Matches
355;Lennon Miller;sct SCO;MF;Udinese;19-271;2006;23;8;906;10.1;0;2;2;0;0;0;3;0;0.00;0.20;0.20;0.00;0.20;Matches
356;Yerry Mina;co COL;DF;Cagliari;31-242;1994;25;25;2,060;22.9;2;0;2;2;0;0;5;1;0.09;0.00;0.09;0.09;0.09;Matches
357;Juan Miranda;es ESP;DF;Bologna;26-124;2000;31;28;2,483;27.6;1;3;4;1;0;0;6;0;0.04;0.11;0.14;0.04;0.14;Matches
358;Fabio Miretti;it ITA;MF;Juventus;22-293;2003;22;5;596;6.6;1;2;3;1;0;0;1;0;0.15;0.30;0.45;0.15;0.45;Matches
359;Henrikh Mkhitaryan;am ARM;MF;Inter;37-122;1989;29;16;1,523;16.9;4;1;5;4;0;0;4;0;0.24;0.06;0.30;0.24;0.30;Matches
360;Branimir Mlacic;hr CRO;DF;Udinese;19-072;2007;6;2;155;1.7;0;0;0;0;0;0;2;0;0.00;0.00;0.00;0.00;0.00;Matches
361;Rui Modesto;ao ANG;MF;Udinese;26-228;1999;3;0;119;1.3;0;1;1;0;0;0;0;0;0.00;0.76;0.76;0.00;0.76;Matches
362;Luka Modrić;hr CRO;MF;Milan;40-256;1985;33;32;2,782;30.9;2;3;5;2;0;0;4;0;0.06;0.10;0.16;0.06;0.16;Matches
363;Lorenzo Montipò;it ITA;GK;Hellas Verona;30-092;1996;34;34;3,060;34.0;0;1;1;0;0;0;0;0;0.00;0.03;0.03;0.00;0.03;Matches
364;Álvaro Morata;es ESP;FW;Como;33-212;1992;25;9;922;10.2;0;1;1;0;0;1;4;1;0.00;0.10;0.10;0.00;0.10;Matches
365;Alberto Moreno;es ESP;DF;Como;33-322;1992;18;12;1,158;12.9;2;1;3;2;0;0;3;0;0.16;0.08;0.23;0.16;0.23;Matches
366;Tete Morente;es ESP;FW,MF;Lecce;29-170;1996;16;9;859;9.5;0;0;0;0;0;0;2;0;0.00;0.00;0.00;0.00;0.00;Matches
367;Stefano Moreo;it ITA;FW,MF;Pisa;32-327;1993;36;28;2,217;24.6;6;1;7;4;2;2;2;0;0.24;0.04;0.28;0.16;0.20;Matches
368;Luca Moro;it ITA;FW;Sassuolo;25-118;2001;14;1;211;2.3;0;0;0;0;0;0;1;0;0.00;0.00;0.00;0.00;0.00;Matches
369;Nikola Moro;hr CRO;MF;Bologna;28-072;1998;29;19;1,774;19.7;2;0;2;2;0;0;1;0;0.10;0.00;0.10;0.10;0.10;Matches
370;Mattia Mosconi;it ITA;FW;Inter;19-058;2007;2;0;27;0.3;0;0;0;0;0;0;0;0;0.00;0.00;0.00;0.00;0.00;Matches
371;Daniel Mosquera;co COL;FW;Hellas Verona;26-215;1999;22;5;597;6.6;0;2;2;0;0;0;1;0;0.00;0.30;0.30;0.00;0.30;Matches
372;Edoardo Motta;it ITA;GK;Lazio;21-130;2005;9;9;810;9.0;0;0;0;0;0;0;1;0;0.00;0.00;0.00;0.00;0.00;Matches
373;Tarik Muharemovic;ba BIH;DF;Sassuolo;23-084;2003;32;32;2,835;31.5;2;2;4;2;0;0;7;0;0.06;0.06;0.13;0.06;0.13;Matches
374;Arijanet Muric;xk KVX;GK;Sassuolo;27-197;1998;32;32;2,880;32.0;0;0;0;0;0;0;4;0;0.00;0.00;0.00;0.00;0.00;Matches
375;Yunus Musah;us USA;MF;Milan;23-175;2002;1;1;90;1.0;0;0;0;0;0;0;0;0;0.00;0.00;0.00;0.00;0.00;Matches
Rk;Player;Nation;Pos;Squad;Age;Born;MP;Starts;Min;90s;Gls;Ast;G+A;G-PK;PK;PKatt;CrdY;CrdR;Gls;Ast;G+A;G-PK;G+A-PK;Matches
376;Yunus Musah;us USA;MF;Atalanta;23-175;2002;19;4;574;6.4;1;0;1;1;0;0;1;0;0.16;0.00;0.16;0.16;0.16;Matches
377;Cheveyo Muy;nl NED;FW;Milan;19-156;2006;2;0;5;0.1;0;0;0;0;0;0;0;0;0.00;0.00;0.00;0.00;0.00;Matches
378;Obite N'Dicka;ci CIV;DF;Roma;26-276;1999;31;31;2,680;29.8;3;0;3;3;0;0;5;0;0.10;0.00;0.10;0.10;0.10;Matches
379;Konan N'dri;ci CIV;MF;Lecce;25-208;2000;26;1;518;5.8;2;0;2;2;0;0;3;0;0.35;0.00;0.35;0.35;0.35;Matches
380;Corrie Ndaba;ie IRL;DF;Lecce;26-149;1999;14;6;543;6.0;0;0;0;0;0;0;0;0;0.00;0.00;0.00;0.00;0.00;Matches
381;Michel Ndary Adopo;fr FRA;MF;Cagliari;25-308;2000;37;32;2,960;32.9;1;2;3;1;0;0;4;0;0.03;0.06;0.09;0.03;0.09;Matches
382;Abdoulaye Ndiaye;sn SEN;DF;Parma;24-043;2002;10;9;750;8.3;0;0;0;0;0;0;5;1;0.00;0.00;0.00;0.00;0.00;Matches
383;Cher Ndour;it ITA;MF;Fiorentina;21-300;2004;33;20;1,876;20.8;3;0;3;3;0;0;2;0;0.14;0.00;0.14;0.14;0.14;Matches
384;Victor Nelsson;dk DEN;DF;Hellas Verona;27-221;1998;37;36;3,225;35.8;0;0;0;0;0;0;4;0;0.00;0.00;0.00;0.00;0.00;Matches
385;David Neres;br BRA;FW,MF;Napoli;29-081;1997;16;10;922;10.2;3;3;6;3;0;0;3;0;0.29;0.29;0.59;0.29;0.59;Matches
386;Oumar Ngom;mr MTN;MF;Lecce;22-075;2004;14;9;797;8.9;0;0;0;0;0;0;1;0;0.00;0.00;0.00;0.00;0.00;Matches
387;Cyril Ngonge;be BEL;FW;Torino;25-362;2000;20;11;994;11.0;1;1;2;1;0;0;2;0;0.09;0.09;0.18;0.09;0.18;Matches
388;Mikayil Ngor Faye;sn SEN;MF,DF;Cremonese;21-313;2004;8;2;254;2.8;0;0;0;0;0;0;1;0;0.00;0.00;0.00;0.00;0.00;Matches
389;Cheikh Niasse;sn SEN;MF;Hellas Verona;26-124;2000;19;11;970;10.8;0;1;1;0;0;0;1;0;0.00;0.09;0.09;0.00;0.09;Matches
390;Hans Nicolussi Caviglia;it ITA;MF;Fiorentina;25-339;2000;11;7;585;6.5;0;1;1;0;0;0;4;0;0.00;0.15;0.15;0.00;0.15;Matches
391;Hans Nicolussi Caviglia;it ITA;MF;Parma;25-339;2000;14;9;779;8.7;0;3;3;0;0;0;0;0;0.00;0.35;0.35;0.00;0.35;Matches
392;Oliver Nielsen;dk DEN;DF;Lazio;22-353;2003;25;13;1,491;16.6;0;0;0;0;0;0;3;0;0.00;0.00;0.00;0.00;0.00;Matches
393;Alieu Njie;se SWE;MF,FW;Torino;21-009;2005;14;2;271;3.0;1;1;2;1;0;0;2;0;0.33;0.33;0.66;0.33;0.66;Matches
394;Niels Nkounkou;fr FRA;MF,DF;Torino;25-203;2000;10;3;327;3.6;0;1;1;0;0;0;3;0;0.00;0.28;0.28;0.00;0.28;Matches
395;Christopher Nkunku;fr FRA;FW;Milan;28-190;1997;31;14;1,296;14.4;7;3;10;2;5;5;0;0;0.49;0.21;0.69;0.14;0.35;Matches
396;Brooke Norton-Cuffy;eng ENG;MF,DF;Genoa;22-131;2004;26;25;2,181;24.2;2;1;3;2;0;0;5;1;0.08;0.04;0.12;0.08;0.12;Matches
397;Tijjani Noslin;nl NED;FW;Lazio;26-320;1999;28;8;1,058;11.8;4;1;5;4;0;0;5;1;0.34;0.09;0.43;0.34;0.43;Matches
398;Unai Núñez;es ESP;DF;Hellas Verona;29-113;1997;17;15;1,265;14.1;0;0;0;0;0;0;6;0;0.00;0.00;0.00;0.00;0.00;Matches
399;Joi Nuredini;al ALB;FW;Genoa;18-291;2007;1;0;2;0.0;0;0;0;0;0;0;0;0;0.00;0.00;0.00;0.00;0.00;Matches
400;M'Bala Nzola;ao ANG;FW;Sassuolo;29-278;1996;13;4;448;5.0;1;1;2;1;0;0;1;0;0.20;0.20;0.40;0.20;0.40;Matches
Rk;Player;Nation;Pos;Squad;Age;Born;MP;Starts;Min;90s;Gls;Ast;G+A;G-PK;PK;PKatt;CrdY;CrdR;Gls;Ast;G+A;G-PK;G+A-PK;Matches
401;M'Bala Nzola;ao ANG;FW;Pisa;29-278;1996;16;11;1,052;11.7;3;0;3;1;2;3;1;1;0.26;0.00;0.26;0.09;0.09;Matches
402;Adam Obert;sk SVK;DF,MF;Cagliari;23-273;2002;34;32;2,681;29.8;0;3;3;0;0;0;10;1;0.00;0.10;0.10;0.00;0.10;Matches
403;Rafel Obrador;es ESP;MF;Torino;22-088;2004;15;13;1,054;11.7;1;2;3;1;0;0;1;0;0.09;0.17;0.26;0.09;0.26;Matches
404;Cas Odenthal;nl NED;DF;Sassuolo;25-239;2000;1;0;1;0.0;0;0;0;0;0;0;0;0;0.00;0.00;0.00;0.00;0.00;Matches
405;Jens Odgaard;dk DEN;MF;Bologna;27-053;1999;25;16;1,353;15.0;5;1;6;5;0;0;1;0;0.33;0.07;0.40;0.33;0.40;Matches
406;David Odogu;de GER;DF;Milan;19-354;2006;2;0;6;0.1;0;0;0;0;0;0;0;0;0.00;0.00;0.00;0.00;0.00;Matches
407;David Okereke;ng NGA;FW,MF;Cremonese;28-267;1997;10;3;403;4.5;2;0;2;2;0;0;0;0;0.45;0.00;0.45;0.45;0.45;Matches
408;Maduka Okoye;ng NGA;GK;Udinese;26-268;1999;29;29;2,526;28.1;0;0;0;0;0;0;1;1;0.00;0.00;0.00;0.00;0.00;Matches
409;Mathías Olivera;uy URU;DF,MF;Napoli;28-204;1997;24;14;1,325;14.7;0;0;0;0;0;0;3;0;0.00;0.00;0.00;0.00;0.00;Matches
410;Jean Onana;cm CMR;MF;Genoa;26-135;2000;3;0;45;0.5;0;0;0;0;0;0;0;0;0.00;0.00;0.00;0.00;0.00;Matches
411;Jacob Ondrejka;se SWE;FW,MF;Parma;23-263;2002;16;9;773;8.6;0;0;0;0;0;0;2;0;0.00;0.00;0.00;0.00;0.00;Matches
412;Loïs Openda;be BEL;FW,MF;Juventus;26-096;2000;24;6;666;7.4;1;0;1;1;0;0;0;0;0.14;0.00;0.14;0.14;0.14;Matches
413;Gift Orban;ng NGA;FW;Hellas Verona;23-310;2002;28;23;2,027;22.5;7;2;9;5;2;2;4;1;0.31;0.09;0.40;0.22;0.31;Matches
414;Christian Ordoñez;ar ARG;MF;Parma;21-303;2004;27;11;1,001;11.1;1;0;1;1;0;0;5;1;0.09;0.00;0.09;0.09;0.09;Matches
415;Gaetano Oristanio;it ITA;FW,MF;Parma;23-237;2002;20;8;859;9.5;1;0;1;1;0;0;1;0;0.10;0.00;0.10;0.10;0.10;Matches
416;Riccardo Orsolini;it ITA;MF,FW;Bologna;29-119;1997;35;26;2,111;23.5;10;1;11;6;4;6;2;0;0.43;0.04;0.47;0.26;0.30;Matches
417;Sebastian Otoa;dk DEN;DF;Genoa;22-010;2004;12;8;739;8.2;0;0;0;0;0;0;1;0;0.00;0.00;0.00;0.00;0.00;Matches
418;Latif Ouedraogo;bf BFA;DF;Genoa;18-212;2007;1;0;20;0.2;0;0;0;0;0;0;0;0;0.00;0.00;0.00;0.00;0.00;Matches
419;Daniel Oyegoke;eng ENG;MF,DF;Hellas Verona;23-140;2003;15;8;594;6.6;0;0;0;0;0;0;2;0;0.00;0.00;0.00;0.00;0.00;Matches
420;Daniele Padelli;it ITA;GK;Udinese;40-210;1985;2;2;180;2.0;0;0;0;0;0;0;0;0;0.00;0.00;0.00;0.00;0.00;Matches
421;Alberto Paleari;it ITA;GK;Torino;33-267;1992;28;28;2,520;28.0;0;0;0;0;0;0;1;0;0.00;0.00;0.00;0.00;0.00;Matches
422;Marco Palestra;it ITA;MF,DF;Cagliari;21-081;2005;36;34;3,053;33.9;1;4;5;1;0;0;3;0;0.03;0.12;0.15;0.03;0.15;Matches
423;Matteo Palma;de GER;DF;Udinese;18-071;2008;5;1;120;1.3;0;0;0;0;0;0;0;0;0.00;0.00;0.00;0.00;0.00;Matches
424;Fabiano Parisi;it ITA;MF,FW;Fiorentina;25-195;2000;23;18;1,520;16.9;1;1;2;1;0;0;6;0;0.06;0.06;0.12;0.06;0.12;Matches
425;Mario Pašalić;hr CRO;MF;Atalanta;31-103;1995;33;21;1,936;21.5;3;4;7;3;0;0;3;0;0.14;0.19;0.33;0.14;0.33;Matches
Rk;Player;Nation;Pos;Squad;Age;Born;MP;Starts;Min;90s;Gls;Ast;G+A;G-PK;PK;PKatt;CrdY;CrdR;Gls;Ast;G+A;G-PK;G+A-PK;Matches
426;Patric;es ESP;MF,DF;Lazio;33-036;1993;14;6;667;7.4;0;0;0;0;0;0;2;0;0.00;0.00;0.00;0.00;0.00;Matches
427;Benjamin Pavard;fr FRA;DF;Inter;30-056;1996;1;1;90;1.0;0;0;0;0;0;0;0;0;0.00;0.00;0.00;0.00;0.00;Matches
428;Strahinja Pavlović;rs SRB;DF;Milan;24-364;2001;33;32;2,779;30.9;5;1;6;5;0;0;3;0;0.16;0.03;0.19;0.16;0.19;Matches
429;Leonardo Pavoletti;it ITA;FW;Cagliari;37-178;1988;13;1;227;2.5;1;1;2;1;0;0;1;0;0.40;0.40;0.79;0.40;0.79;Matches
430;Martín Payero;ar ARG;MF;Cremonese;27-254;1998;25;16;1,457;16.2;1;0;1;1;0;0;8;0;0.06;0.00;0.06;0.06;0.06;Matches
431;Nicolás Paz;ar ARG;MF;Como;21-257;2004;35;33;2,878;32.0;12;6;18;12;0;2;5;0;0.38;0.19;0.56;0.38;0.56;Matches
432;Marcus Pedersen;no NOR;MF,DF;Torino;25-311;2000;28;22;2,066;23.0;1;2;3;1;0;0;3;0;0.04;0.09;0.13;0.04;0.13;Matches
433;Pedro;es ESP;FW,MF;Lazio;38-299;1987;28;8;922;10.2;4;2;6;2;2;2;4;0;0.39;0.20;0.59;0.20;0.39;Matches
434;Zé Pedro Figueiredo;pt POR;DF;Cagliari;28-351;1997;22;19;1,637;18.2;0;1;1;0;0;0;5;0;0.00;0.05;0.05;0.00;0.05;Matches
435;Lorenzo Pellegrini;it ITA;MF;Roma;29-338;1996;24;20;1,463;16.3;4;2;6;2;2;2;2;0;0.25;0.12;0.37;0.12;0.25;Matches
436;Luca Pellegrini;it ITA;DF;Lazio;27-077;1999;23;16;1,388;15.4;1;0;1;1;0;0;8;0;0.06;0.00;0.06;0.06;0.06;Matches
437;Mateo Pellegrino;ar ARG;FW;Parma;25-083;2001;36;33;2,894;32.2;8;1;9;7;1;1;5;0;0.25;0.03;0.28;0.22;0.25;Matches
438;Faris Pemi Moumbagna;cm CMR;FW;Cremonese;25-326;2000;5;0;93;1.0;0;0;0;0;0;0;0;0;0.00;0.00;0.00;0.00;0.00;Matches
439;Matías Pérez;cl CHI;DF;Lecce;21-040;2005;1;1;31;0.3;0;0;0;0;0;0;0;0;0.00;0.00;0.00;0.00;0.00;Matches
440;Simone Perilli;it ITA;GK;Hellas Verona;31-136;1995;3;3;270;3.0;0;0;0;0;0;0;0;0;0.00;0.00;0.00;0.00;0.00;Matches
441;Mattia Perin;it ITA;GK;Juventus;33-194;1992;8;8;675;7.5;0;0;0;0;0;0;0;0;0.00;0.00;0.00;0.00;0.00;Matches
442;Máximo Perrone;ar ARG;MF;Como;23-136;2003;35;32;2,652;29.5;3;4;7;3;0;0;8;0;0.10;0.14;0.24;0.10;0.24;Matches
443;Massimo Pessina;it ITA;GK;Bologna;18-149;2007;4;3;353;3.9;0;0;0;0;0;0;0;0;0.00;0.00;0.00;0.00;0.00;Matches
444;Giuseppe Pezzella;it ITA;MF,DF;Cremonese;28-175;1997;30;29;2,495;27.7;0;1;1;0;0;0;8;1;0.00;0.04;0.04;0.00;0.04;Matches
445;Gabriele Piccinini;it ITA;MF;Pisa;25-047;2001;24;5;846;9.4;0;0;0;0;0;0;2;0;0.00;0.00;0.00;0.00;0.00;Matches
446;Roberto Piccoli;it ITA;FW;Fiorentina;25-116;2001;32;16;1,672;18.6;4;1;5;4;0;0;1;0;0.22;0.05;0.27;0.22;0.27;Matches
447;Nicholas Pierini;it ITA;FW,MF;Sassuolo;27-290;1998;11;0;142;1.6;0;0;0;0;0;0;1;0;0.00;0.00;0.00;0.00;0.00;Matches
448;Santiago Pierotti;ar ARG;MF,FW;Lecce;25-050;2001;36;30;2,518;28.0;1;1;2;1;0;0;4;0;0.04;0.04;0.07;0.04;0.07;Matches
449;Balthazar Pierret;fr FRA;MF;Lecce;26-008;2000;3;0;27;0.3;0;0;0;0;0;0;0;0;0.00;0.00;0.00;0.00;0.00;Matches
450;Andrea Pinamonti;it ITA;FW;Sassuolo;27-004;1999;35;31;2,462;27.4;9;3;12;9;0;1;2;1;0.33;0.11;0.44;0.33;0.44;Matches
Rk;Player;Nation;Pos;Squad;Age;Born;MP;Starts;Min;90s;Gls;Ast;G+A;G-PK;PK;PKatt;CrdY;CrdR;Gls;Ast;G+A;G-PK;G+A-PK;Matches
451;Jakub Piotrowski;pl POL;MF;Udinese;28-231;1997;32;19;1,643;18.3;1;1;2;1;0;0;2;0;0.05;0.05;0.11;0.05;0.11;Matches
452;Niccolò Pisilli;it ITA;MF;Roma;21-242;2004;24;12;1,250;13.9;2;4;6;2;0;0;3;0;0.14;0.29;0.43;0.14;0.43;Matches
453;Tommaso Pobega;it ITA;MF;Bologna;26-312;1999;25;16;1,369;15.2;2;1;3;2;0;0;2;1;0.13;0.07;0.20;0.13;0.20;Matches
454;Matteo Politano;it ITA;MF,FW;Napoli;32-293;1993;33;25;2,121;23.6;2;5;7;2;0;0;4;0;0.08;0.21;0.30;0.08;0.30;Matches
455;Marin Pongračić;hr CRO;DF;Fiorentina;28-254;1997;35;33;2,918;32.4;0;0;0;0;0;0;12;0;0.00;0.00;0.00;0.00;0.00;Matches
456;Stefan Posch;at AUT;DF;Como;29-009;1997;14;3;393;4.4;1;0;1;1;0;0;1;0;0.23;0.00;0.23;0.23;0.23;Matches
457;Matteo Prati;it ITA;MF;Torino;22-146;2003;12;7;592;6.6;0;1;1;0;0;0;2;0;0.00;0.15;0.15;0.00;0.15;Matches
458;Matteo Prati;it ITA;MF;Cagliari;22-146;2003;20;15;1,268;14.1;1;0;1;1;0;0;4;0;0.07;0.00;0.07;0.07;0.07;Matches
459;Ivan Provedel;it ITA;GK;Lazio;32-067;1994;27;27;2,430;27.0;0;0;0;0;0;0;1;0;0.00;0.00;0.00;0.00;0.00;Matches
460;Christian Pulisic;us USA;FW;Milan;27-247;1998;29;18;1,564;17.4;8;4;12;8;0;1;0;0;0.46;0.23;0.69;0.46;0.69;Matches
461;Adrien Rabiot;fr FRA;MF;Milan;31-050;1995;28;27;2,460;27.3;6;4;10;6;0;0;6;1;0.22;0.15;0.37;0.22;0.37;Matches
462;Ylber Ramadani;al ALB;MF;Lecce;30-041;1996;36;36;3,115;34.6;1;0;1;1;0;0;9;0;0.03;0.00;0.03;0.03;0.03;Matches
463;Jacobo Ramón;es ESP;DF;Como;21-137;2005;31;29;2,652;29.5;2;0;2;2;0;0;11;1;0.07;0.00;0.07;0.07;0.07;Matches
464;Luca Ranieri;it ITA;DF;Fiorentina;27-030;1999;34;29;2,458;27.3;1;0;1;1;0;0;8;1;0.04;0.00;0.04;0.04;0.04;Matches
465;Giacomo Raspadori;it ITA;MF,FW;Atalanta;26-094;2000;13;7;796;8.8;3;1;4;3;0;0;0;0;0.34;0.11;0.45;0.34;0.45;Matches
466;Othniel Raterink;nl NED;DF;Cagliari;20-046;2006;1;0;7;0.1;0;0;0;0;0;0;0;0;0.00;0.00;0.00;0.00;0.00;Matches
467;Petar Ratkov;rs SRB;FW;Lazio;22-278;2003;8;2;233;2.6;0;0;0;0;0;0;0;0;0.00;0.00;0.00;0.00;0.00;Matches
468;Federico Ravaglia;it ITA;GK;Bologna;26-193;1999;17;16;1,470;16.3;0;0;0;0;0;0;4;0;0.00;0.00;0.00;0.00;0.00;Matches
469;Devyne Rensch;nl NED;MF;Roma;23-125;2003;23;11;1,094;12.2;1;4;5;1;0;0;1;0;0.08;0.33;0.41;0.08;0.41;Matches
470;Samuele Ricci;it ITA;MF;Milan;24-275;2001;31;11;1,312;14.6;1;4;5;1;0;0;3;0;0.07;0.27;0.34;0.07;0.34;Matches
471;Amir Richardson;ma MAR;MF;Fiorentina;24-119;2002;2;0;42;0.5;0;0;0;0;0;0;0;0;0.00;0.00;0.00;0.00;0.00;Matches
472;Filippo Rinaldi;it ITA;GK;Parma;23-170;2002;1;1;90;1.0;0;0;0;0;0;0;1;0;0.00;0.00;0.00;0.00;0.00;Matches
473;Sergi Roberto;es ESP;MF;Como;34-105;1992;19;5;536;6.0;0;0;0;0;0;0;3;0;0.00;0.00;0.00;0.00;0.00;Matches
474;Jesus Rodríguez;es ESP;MF;Como;20-183;2005;30;17;1,668;18.5;1;8;9;1;0;0;2;1;0.05;0.43;0.49;0.05;0.49;Matches
475;Juan Rodríguez;uy URU;DF;Cagliari;20-358;2005;16;15;1,249;13.9;0;0;0;0;0;0;3;0;0.00;0.00;0.00;0.00;0.00;Matches
Rk;Player;Nation;Pos;Squad;Age;Born;MP;Starts;Min;90s;Gls;Ast;G+A;G-PK;PK;PKatt;CrdY;CrdR;Gls;Ast;G+A;G-PK;G+A-PK;Matches
476;Filippo Romagna;it ITA;DF;Sassuolo;28-362;1997;5;4;313;3.5;0;0;0;0;0;0;0;0;0.00;0.00;0.00;0.00;0.00;Matches
477;Alessio Romagnoli;it ITA;DF;Lazio;31-131;1995;31;30;2,576;28.6;0;0;0;0;0;0;6;1;0.00;0.00;0.00;0.00;0.00;Matches
478;Alessandro Romano;ch SUI;MF;Roma;19-340;2006;2;0;8;0.1;0;0;0;0;0;0;0;0;0.00;0.00;0.00;0.00;0.00;Matches
479;Marten de Roon;nl NED;MF;Atalanta;35-055;1991;34;32;2,691;29.9;1;2;3;1;0;0;8;1;0.03;0.07;0.10;0.03;0.10;Matches
480;Nicolò Rovella;it ITA;MF;Lazio;24-170;2001;11;6;512;5.7;0;1;1;0;0;0;2;1;0.00;0.18;0.18;0.00;0.18;Matches
481;Jonathan Rowe;eng ENG;MF,FW;Bologna;23-023;2003;27;16;1,515;16.8;3;2;5;3;0;0;2;0;0.18;0.12;0.30;0.18;0.30;Matches
482;Amir Rrahmani;xk KVX;DF;Napoli;32-088;1994;20;20;1,705;18.9;2;1;3;2;0;0;2;0;0.11;0.05;0.16;0.11;0.16;Matches
483;Daniele Rugani;it ITA;DF;Fiorentina;31-298;1994;6;4;327;3.6;0;0;0;0;0;0;2;0;0.00;0.00;0.00;0.00;0.00;Matches
484;Daniele Rugani;it ITA;DF;Juventus;31-298;1994;6;3;250;2.8;0;0;0;0;0;0;0;0;0.00;0.00;0.00;0.00;0.00;Matches
485;Stefano Sabelli;it ITA;MF,DF;Genoa;33-130;1993;15;11;854;9.5;0;0;0;0;0;0;0;0;0.00;0.00;0.00;0.00;0.00;Matches
486;Abdelhamid Sabiri;ma MAR;MF;Fiorentina;29-176;1996;1;0;27;0.3;0;0;0;0;0;0;0;0;0.00;0.00;0.00;0.00;0.00;Matches
487;Alexis Saelemaekers;be BEL;MF;Milan;26-330;1999;34;32;2,698;30.0;2;3;5;2;0;0;5;0;0.07;0.10;0.17;0.07;0.17;Matches
488;Álex Sala;es ESP;MF;Lecce;25-044;2001;9;2;167;1.9;0;1;1;0;0;0;0;0;0.00;0.54;0.54;0.00;0.54;Matches
489;Lazar Samardzic;rs SRB;MF;Atalanta;24-088;2002;26;11;1,030;11.4;2;1;3;2;0;0;1;0;0.17;0.09;0.26;0.17;0.26;Matches
490;Antonio Sanabria;py PAR;FW;Cremonese;30-080;1996;25;10;945;10.5;1;1;2;1;0;0;2;0;0.10;0.10;0.19;0.10;0.19;Matches
491;Yellu Santiago;es ESP;MF;Hellas Verona;21-363;2004;2;0;6;0.1;0;0;0;0;0;0;0;0;0.00;0.00;0.00;0.00;0.00;Matches
492;Alisson Santos;br BRA;MF,FW;Napoli;23-238;2002;13;8;825;9.2;4;0;4;4;0;0;1;0;0.44;0.00;0.44;0.44;0.44;Matches
493;Jeremy Sarmiento;ec ECU;MF;Cremonese;23-341;2002;7;0;142;1.6;0;0;0;0;0;0;0;0;0.00;0.00;0.00;0.00;0.00;Matches
494;Amin Sarr;se SWE;FW,MF;Hellas Verona;25-073;2001;33;9;1,081;12.0;0;1;1;0;0;0;2;1;0.00;0.08;0.08;0.00;0.08;Matches
495;Razvan Sava;ro ROU;GK;Udinese;23-336;2002;7;6;620;6.9;0;0;0;0;0;0;1;0;0.00;0.00;0.00;0.00;0.00;Matches
496;Giorgio Scalvini;it ITA;DF;Atalanta;22-163;2003;24;23;1,808;20.1;3;1;4;3;0;0;2;0;0.15;0.05;0.20;0.15;0.20;Matches
497;Gianluca Scamacca;it ITA;FW;Atalanta;27-142;1999;24;16;1,315;14.6;10;1;11;8;2;2;2;0;0.68;0.07;0.75;0.55;0.62;Matches
498;Simone Scuffet;it ITA;GK;Pisa;29-357;1996;7;7;630;7.0;0;0;0;0;0;0;0;0;0.00;0.00;0.00;0.00;0.00;Matches
499;Adrian Šemper;hr CRO;GK;Pisa;28-131;1998;24;24;2,160;24.0;0;0;0;0;0;0;0;0;0.00;0.00;0.00;0.00;0.00;Matches
500;Suat Serdar;de GER;MF;Hellas Verona;29-042;1997;20;12;1,108;12.3;2;0;2;2;0;0;3;0;0.16;0.00;0.16;0.16;0.16;Matches
Rk;Player;Nation;Pos;Squad;Age;Born;MP;Starts;Min;90s;Gls;Ast;G+A;G-PK;PK;PKatt;CrdY;CrdR;Gls;Ast;G+A;G-PK;G+A-PK;Matches
501;Stephan El Shaarawy;it ITA;MF,FW;Roma;33-208;1992;19;5;647;7.2;0;2;2;0;0;0;4;0;0.00;0.28;0.28;0.00;0.28;Matches
502;Jamil Siebert;de GER;DF;Lecce;24-051;2002;20;17;1,611;17.9;1;0;1;1;0;0;3;0;0.06;0.00;0.06;0.06;0.06;Matches
503;Marco Silvestri;it ITA;GK;Cremonese;35-082;1991;4;4;360;4.0;0;0;0;0;0;0;0;0;0.00;0.00;0.00;0.00;0.00;Matches
504;Giovanni Simeone;ar ARG;FW;Torino;30-322;1995;31;26;2,140;23.8;11;0;11;11;0;0;1;0;0.46;0.00;0.46;0.46;0.46;Matches
505;Leo Skiri Østigård;no NOR;DF;Genoa;26-176;1999;30;30;2,622;29.1;5;1;6;5;0;0;7;0;0.17;0.03;0.21;0.17;0.21;Matches
506;Laurs Skjellerup;dk DEN;FW;Sassuolo;23-284;2002;1;0;10;0.1;0;0;0;0;0;0;0;0;0.00;0.00;0.00;0.00;0.00;Matches
507;Łukasz Skorupski;pl POL;GK;Bologna;35-018;1991;18;18;1,502;16.7;0;0;0;0;0;0;1;1;0.00;0.00;0.00;0.00;0.00;Matches
508;Tobias Slotsager;dk DEN;DF;Hellas Verona;20-142;2006;8;4;446;5.0;0;0;0;0;0;0;0;0;0.00;0.00;0.00;0.00;0.00;Matches
509;Ivan Smolčić;hr CRO;DF;Como;25-279;2000;27;18;1,572;17.5;0;1;1;0;0;0;8;0;0.00;0.06;0.06;0.00;0.06;Matches
510;Simon Sohm;ch SUI;MF;Bologna;25-042;2001;12;9;717;8.0;0;0;0;0;0;0;1;0;0.00;0.00;0.00;0.00;0.00;Matches
511;Simon Sohm;ch SUI;MF;Fiorentina;25-042;2001;16;9;708;7.9;0;1;1;0;0;0;2;0;0.00;0.13;0.13;0.00;0.13;Matches
512;Oumar Solet;fr FRA;DF;Udinese;26-105;2000;34;33;2,869;31.9;3;1;4;2;1;1;1;0;0.09;0.03;0.13;0.06;0.09;Matches
513;Manor Solomon;il ISR;FW,MF;Fiorentina;26-303;1999;16;9;890;9.9;2;1;3;2;0;0;1;0;0.20;0.10;0.30;0.20;0.30;Matches
514;Daniele Sommariva;it ITA;GK;Genoa;28-309;1997;2;1;176;2.0;0;0;0;0;0;0;0;0;0.00;0.00;0.00;0.00;0.00;Matches
515;Yann Sommer;ch SUI;GK;Inter;37-157;1988;33;33;2,960;32.9;0;0;0;0;0;0;0;0;0.00;0.00;0.00;0.00;0.00;Matches
516;Riccardo Sottil;it ITA;FW,MF;Lecce;26-354;1999;21;13;1,066;11.8;1;2;3;1;0;0;1;0;0.08;0.17;0.25;0.08;0.25;Matches
517;Matìas Soulé;ar ARG;MF,FW;Roma;23-038;2003;32;27;2,068;23.0;6;5;11;6;0;0;1;0;0.26;0.22;0.48;0.26;0.48;Matches
518;Leonardo Spinazzola;it ITA;MF,DF;Napoli;33-059;1993;32;22;1,901;21.1;3;3;6;3;0;0;2;0;0.14;0.14;0.28;0.14;0.28;Matches
519;Marco Sportiello;it ITA;GK;Atalanta;34-013;1992;1;1;90;1.0;0;0;0;0;0;0;0;0;0.00;0.00;0.00;0.00;0.00;Matches
520;Nicolae Stanciu;ro ROU;MF;Genoa;33-016;1993;4;2;180;2.0;0;0;0;0;0;1;0;0;0.00;0.00;0.00;0.00;0.00;Matches
521;Calvin Stengs;nl NED;FW,MF;Pisa;27-156;1998;4;0;46;0.5;0;0;0;0;0;0;0;0;0.00;0.00;0.00;0.00;0.00;Matches
522;Filip Stojilković;ch SUI;FW,MF;Pisa;26-139;2000;12;7;597;6.6;0;0;0;0;0;0;0;0;0.00;0.00;0.00;0.00;0.00;Matches
523;Gabriel Strefezza;br BRA;FW;Parma;29-035;1997;14;13;1,007;11.2;2;2;4;2;0;0;3;0;0.18;0.18;0.36;0.18;0.36;Matches
524;Nikola Štulić;rs SRB;FW;Lecce;24-257;2001;33;20;1,698;18.9;4;0;4;3;1;1;1;0;0.21;0.00;0.21;0.16;0.16;Matches
525;Petar Sucic;hr CRO;MF;Inter;22-210;2003;33;20;1,692;18.8;2;2;4;2;0;0;5;0;0.11;0.11;0.21;0.11;0.21;Matches
Rk;Player;Nation;Pos;Squad;Age;Born;MP;Starts;Min;90s;Gls;Ast;G+A;G-PK;PK;PKatt;CrdY;CrdR;Gls;Ast;G+A;G-PK;G+A-PK;Matches
526;Ibrahim Sulemana;gh GHA;MF;Cagliari;23-001;2003;15;7;843;9.4;1;0;1;1;0;0;1;0;0.11;0.00;0.11;0.11;0.11;Matches
527;Ibrahim Sulemana;gh GHA;MF;Bologna;23-001;2003;3;0;45;0.5;0;0;0;0;0;0;1;0;0.00;0.00;0.00;0.00;0.00;Matches
528;Kamaldeen Sulemana;gh GHA;MF;Atalanta;24-097;2002;25;9;1,011;11.2;2;1;3;2;0;0;4;0;0.18;0.09;0.27;0.18;0.27;Matches
529;Tomáš Suslov;sk SVK;FW;Hellas Verona;23-350;2002;10;4;389;4.3;0;0;0;0;0;0;1;1;0.00;0.00;0.00;0.00;0.00;Matches
530;Zion Suzuki;jp JPN;GK;Parma;23-275;2002;20;20;1,800;20.0;0;0;0;0;0;0;1;0;0.00;0.00;0.00;0.00;0.00;Matches
531;Mile Svilar;rs SRB;GK;Roma;26-269;1999;37;37;3,330;37.0;0;0;0;0;0;0;0;0;0.00;0.00;0.00;0.00;0.00;Matches
532;Adrien Tameze;cm CMR;DF;Torino;32-108;1994;24;12;1,120;12.4;0;0;0;0;0;0;3;0;0.00;0.00;0.00;0.00;0.00;Matches
533;Nuno Tavares;pt POR;DF;Lazio;26-117;2000;23;17;1,473;16.4;0;0;0;0;0;0;5;0;0.00;0.00;0.00;0.00;0.00;Matches
534;Kenneth Taylor;nl NED;MF;Lazio;24-007;2002;17;17;1,394;15.5;3;2;5;3;0;0;5;0;0.19;0.13;0.32;0.19;0.32;Matches
535;Filippo Terracciano;it ITA;DF;Cremonese;23-104;2003;35;32;2,929;32.5;2;0;2;2;0;0;6;0;0.06;0.00;0.06;0.06;0.06;Matches
536;Pietro Terracciano;it ITA;GK;Milan;36-076;1990;2;1;125;1.4;0;0;0;0;0;0;0;0;0.00;0.00;0.00;0.00;0.00;Matches
537;Morten Thorsby;no NOR;MF;Genoa;30-018;1996;13;8;731;8.1;2;1;3;2;0;0;2;0;0.25;0.12;0.37;0.25;0.37;Matches
538;Morten Thorsby;no NOR;MF;Cremonese;30-018;1996;10;7;598;6.6;1;0;1;1;0;0;1;0;0.15;0.00;0.15;0.15;0.15;Matches
539;Kristian Thorstvedt;no NOR;MF;Sassuolo;27-071;1999;31;26;2,370;26.3;4;4;8;4;0;0;8;0;0.15;0.15;0.30;0.15;0.30;Matches
540;Khéphren Thuram;fr FRA;MF;Juventus;25-058;2001;34;29;2,373;26.4;3;2;5;3;0;0;2;0;0.11;0.08;0.19;0.11;0.19;Matches
541;Marcus Thuram;fr FRA;FW;Inter;28-290;1997;29;24;1,900;21.1;13;6;19;13;0;0;2;0;0.62;0.28;0.90;0.62;0.90;Matches
542;Fikayo Tomori;eng ENG;DF;Milan;28-155;1997;32;30;2,494;27.7;0;2;2;0;0;0;8;1;0.00;0.07;0.07;0.00;0.07;Matches
543;Idrissa Touré;de GER;MF;Pisa;28-024;1998;32;26;2,279;25.3;1;0;1;1;0;0;4;1;0.04;0.00;0.04;0.04;0.04;Matches
544;Mattéo Tramoni;fr FRA;MF,FW;Pisa;26-123;2000;27;21;1,600;17.8;2;2;4;1;1;1;3;0;0.11;0.11;0.23;0.06;0.17;Matches
545;Yael Trepy;;FW;Cagliari;;;8;0;91;1.0;1;0;1;1;0;0;0;0;0.99;0.00;0.99;0.99;0.99;Matches
546;Mariano Troilo;ar ARG;DF;Parma;22-335;2003;20;17;1,535;17.1;1;0;1;1;0;0;8;2;0.06;0.00;0.06;0.06;0.06;Matches
547;Kostas Tsimikas;gr GRE;MF;Roma;30-011;1996;18;6;644;7.2;0;0;0;0;0;0;1;0;0.00;0.00;0.00;0.00;0.00;Matches
548;Stefano Turati;it ITA;GK;Sassuolo;24-260;2001;5;5;450;5.0;0;0;0;0;0;0;0;0;0.00;0.00;0.00;0.00;0.00;Matches
549;Lautaro Valenti;ar ARG;DF;Parma;27-129;1999;26;24;2,192;24.4;0;0;0;0;0;0;6;0;0.00;0.00;0.00;0.00;0.00;Matches
550;Nicolás Valentini;ar ARG;DF;Hellas Verona;25-047;2001;20;14;1,360;15.1;0;0;0;0;0;0;6;0;0.00;0.00;0.00;0.00;0.00;Matches
Rk;Player;Nation;Pos;Squad;Age;Born;MP;Starts;Min;90s;Gls;Ast;G+A;G-PK;PK;PKatt;CrdY;CrdR;Gls;Ast;G+A;G-PK;G+A-PK;Matches
551;Emanuele Valeri;it ITA;MF,DF;Parma;27-167;1998;33;28;2,568;28.5;0;2;2;0;0;0;2;0;0.00;0.07;0.07;0.00;0.07;Matches
552;Álex Valle;es ESP;DF;Como;22-028;2004;28;23;2,026;22.5;1;4;5;1;0;0;3;0;0.04;0.18;0.22;0.04;0.22;Matches
553;Ignace Van Der Brempt;be BEL;DF;Como;24-052;2002;19;11;916;10.2;0;1;1;0;0;0;2;0;0.00;0.10;0.10;0.00;0.10;Matches
554;Jari Vandeputte;be BEL;MF;Cremonese;30-098;1996;31;23;1,869;20.8;1;5;6;1;0;0;2;0;0.05;0.24;0.29;0.05;0.29;Matches
555;Jamie Vardy;eng ENG;FW;Cremonese;39-132;1987;28;23;2,015;22.4;7;2;9;7;0;0;4;0;0.31;0.09;0.40;0.31;0.40;Matches
556;Johan Vásquez;mx MEX;DF;Genoa;27-213;1998;36;36;3,215;35.7;1;0;1;1;0;0;2;0;0.03;0.00;0.03;0.03;0.03;Matches
557;Dominic Vavassori;it ITA;FW;Atalanta;20-165;2005;1;0;10;0.1;0;0;0;0;0;0;0;0;0.00;0.00;0.00;0.00;0.00;Matches
558;Robinio Vaz;fr FRA;FW;Roma;19-095;2007;11;0;209;2.3;1;0;1;1;0;0;0;0;0.43;0.00;0.43;0.43;0.43;Matches
559;Franco Vázquez;ar ARG;FW,MF;Cremonese;37-090;1989;15;4;524;5.8;1;1;2;1;0;0;1;0;0.17;0.17;0.34;0.17;0.34;Matches
560;Matías Vecino;uy URU;MF;Lazio;34-272;1991;13;5;603;6.7;0;1;1;0;0;0;1;0;0.00;0.15;0.15;0.00;0.15;Matches
561;Danilo Veiga;pt POR;DF;Lecce;23-240;2002;35;32;2,930;32.6;0;1;1;0;0;0;9;0;0.00;0.03;0.03;0.00;0.03;Matches
562;Lorenzo Venturino;it ITA;FW;Genoa;19-335;2006;2;0;40;0.4;0;0;0;0;0;0;0;0;0.00;0.00;0.00;0.00;0.00;Matches
563;Lorenzo Venturino;it ITA;MF;Roma;19-335;2006;10;1;207;2.3;0;0;0;0;0;0;0;0;0.00;0.00;0.00;0.00;0.00;Matches
564;Antonio Vergara;it ITA;MF;Napoli;23-127;2003;12;8;612;6.8;1;2;3;1;0;0;2;0;0.15;0.29;0.44;0.15;0.44;Matches
565;Ioan Vermeșan;ro ROU;FW;Hellas Verona;19-217;2006;5;0;75;0.8;0;0;0;0;0;0;0;0;0.00;0.00;0.00;0.00;0.00;Matches
566;Mattia Viti;it ITA;MF,DF;Fiorentina;24-119;2002;10;2;265;2.9;0;0;0;0;0;0;3;1;0.00;0.00;0.00;0.00;0.00;Matches
567;Martin Vitík;cz CZE;DF;Bologna;23-122;2003;19;14;1,325;14.7;0;0;0;0;0;0;3;0;0.00;0.00;0.00;0.00;0.00;Matches
568;Vitinha;pt POR;FW,MF;Genoa;26-069;2000;35;28;2,226;24.7;5;1;6;5;0;0;5;0;0.20;0.04;0.24;0.20;0.24;Matches
569;Dušan Vlahović;rs SRB;FW;Juventus;26-115;2000;18;10;907;10.1;5;1;6;4;1;1;0;0;0.50;0.10;0.60;0.40;0.50;Matches
570;Nikola Vlašić;hr CRO;MF,FW;Torino;28-231;1997;36;35;2,953;32.8;8;3;11;3;5;5;7;0;0.24;0.09;0.34;0.09;0.18;Matches
571;Mërgim Vojvoda;xk KVX;MF,DF;Como;31-111;1995;29;19;1,583;17.6;2;2;4;2;0;0;2;0;0.11;0.11;0.23;0.11;0.23;Matches
572;Cristian Volpato;it ITA;FW;Sassuolo;22-189;2003;23;11;1,056;11.7;2;4;6;2;0;0;4;0;0.17;0.34;0.51;0.17;0.51;Matches
573;Aster Vranckx;be BEL;MF;Sassuolo;23-231;2002;16;9;690;7.7;0;0;0;0;0;0;2;0;0.00;0.00;0.00;0.00;0.00;Matches
574;Stefan de Vrij;nl NED;DF;Inter;34-107;1992;10;7;590;6.6;0;0;0;0;0;0;1;0;0.00;0.00;0.00;0.00;0.00;Matches
575;İsak Vural;tr TUR;MF;Pisa;19-360;2006;14;8;662;7.4;0;0;0;0;0;0;4;0;0.00;0.00;0.00;0.00;0.00;Matches
Rk;Player;Nation;Pos;Squad;Age;Born;MP;Starts;Min;90s;Gls;Ast;G+A;G-PK;PK;PKatt;CrdY;CrdR;Gls;Ast;G+A;G-PK;G+A-PK;Matches
576;Sebastian Walukiewicz;pl POL;DF;Sassuolo;26-048;2000;34;33;2,852;31.7;0;1;1;0;0;0;7;0;0.00;0.03;0.03;0.00;0.03;Matches
577;Wesley;br BRA;MF;Roma;22-259;2003;30;28;2,448;27.2;5;0;5;5;0;0;7;2;0.18;0.00;0.18;0.18;0.18;Matches
578;Kenan Yıldız;tr TUR;MF,FW;Juventus;21-019;2005;36;33;2,825;31.4;10;6;16;9;1;2;2;0;0.32;0.19;0.51;0.29;0.48;Matches
579;Mattia Zaccagni;it ITA;FW;Lazio;30-341;1995;26;26;2,104;23.4;3;0;3;3;0;1;6;1;0.13;0.00;0.13;0.13;0.13;Matches
580;Nicola Zalewski;pl POL;MF;Atalanta;24-120;2002;33;24;1,897;21.1;2;4;6;2;0;0;3;0;0.09;0.19;0.28;0.09;0.28;Matches
581;Andre-Frank Zambo Anguissa;cm CMR;MF;Napoli;30-188;1995;18;14;1,258;14.0;4;1;5;4;0;0;1;0;0.29;0.07;0.36;0.29;0.36;Matches
582;Nicolò Zaniolo;it ITA;FW,MF;Udinese;26-325;1999;32;28;2,257;25.1;5;6;11;5;0;0;8;0;0.20;0.24;0.44;0.20;0.44;Matches
583;Alessandro Zanoli;it ITA;MF;Udinese;25-232;2000;19;16;1,280;14.2;1;2;3;1;0;0;1;0;0.07;0.14;0.21;0.07;0.21;Matches
584;Duván Zapata;co COL;FW;Torino;35-052;1991;27;10;1,048;11.6;3;1;4;3;0;1;0;0;0.26;0.09;0.34;0.26;0.34;Matches
585;Gabriele Zappa;it ITA;DF;Cagliari;26-152;1999;30;17;1,507;16.7;0;3;3;0;0;0;2;0;0.00;0.18;0.18;0.00;0.18;Matches
586;Davide Zappacosta;it ITA;MF;Atalanta;33-346;1992;35;30;2,569;28.5;3;3;6;3;0;0;3;0;0.11;0.11;0.21;0.11;0.21;Matches
587;Bryan Zaragoza;es ESP;MF;Roma;24-256;2001;4;2;135;1.5;0;1;1;0;0;0;1;0;0.00;0.67;0.67;0.00;0.67;Matches
588;Oier Zarraga;es ESP;MF;Udinese;27-139;1999;23;2;464;5.2;0;0;0;0;0;0;2;0;0.00;0.00;0.00;0.00;0.00;Matches
589;Nils Zätterström;se SWE;DF;Genoa;21-055;2005;2;1;91;1.0;0;0;0;0;0;0;0;0;0.00;0.00;0.00;0.00;0.00;Matches
590;Jordan Zemura;zw ZIM;MF,DF;Udinese;26-190;1999;16;12;1,048;11.6;0;1;1;0;0;0;3;0;0.00;0.09;0.09;0.00;0.09;Matches
591;Alessio Zerbin;it ITA;MF;Cremonese;27-081;1999;31;16;1,601;17.8;0;3;3;0;0;0;1;0;0.00;0.17;0.17;0.00;0.17;Matches
592;Edon Zhegrova;xk KVX;MF;Juventus;27-053;1999;18;0;369;4.1;0;0;0;0;0;0;0;0;0.00;0.00;0.00;0.00;0.00;Matches
593;Piotr Zieliński;pl POL;MF;Inter;32-003;1994;33;21;1,955;21.7;6;3;9;5;1;1;3;0;0.28;0.14;0.41;0.23;0.37;Matches
594;Jan Ziółkowski;pl POL;DF;Roma;20-352;2005;17;5;491;5.5;0;0;0;0;0;0;2;0;0.00;0.00;0.00;0.00;0.00;Matches
595;Nadir Zortea;it ITA;DF;Bologna;26-338;1999;31;16;1,794;19.9;0;2;2;0;0;0;2;0;0.00;0.10;0.10;0.00;0.10;Matches
596;Milan Đurić;ba BIH;FW;Parma;36-001;1990;12;0;74;0.8;0;0;0;0;0;0;0;0;0.00;0.00;0.00;0.00;0.00;Matches
597;Milan Đurić;ba BIH;FW;Cremonese;36-001;1990;11;3;386;4.3;0;1;1;0;0;0;1;0;0.00;0.23;0.23;0.00;0.23;Matches